ResponseId,duration,education,gender,score_1k,score_2k,score_3k,score_4k,score_5k,year,profile
R_4F3vTHRB7VRqeNu,1178,below high school,Male,22,11,5,7,8,2025,4
R_W9AnXvmlTJKrGlb,1253,below high school,Male,19,4,11,7,7,2021,4
R_1pFJm5Xq7Z5Z6WM,1503,below high school,Female,30,26,17,18,10,2023,3
R_2Cv74f0IxzWThqB,1553,below high school,Male,30,28,12,21,21,2022,3
R_4OTyDvOSoUjcmbE,1690,below high school,Male,18,4,4,5,5,2024,4
R_4WULoBijvrcKL1u,25691,below high school,Male,15,4,3,6,6,2024,4
R_2xQ1lScflOFBUWK,1346,below high school,Female,30,30,28,22,20,2023,2
R_1QmGw5VLF3dFeke,4393,below high school,Female,29,28,25,23,19,2022,2
R_48U420tAUJkLgVu,1521,below high school,Female,28,25,20,20,17,2024,3
R_4nAinXx7O9EGLMX,2325,below high school,Female,29,25,27,28,24,2025,1
R_s4Ib0fGyU2Pu0Hn,1806,below high school,Female,27,22,13,7,9,2023,4
R_4zMC2QijnZpxzzG,245645,below high school,Female,9,5,4,6,6,2024,4
R_4LzkalY8c9RHveN,1776,below high school,Male,30,29,30,26,26,2024,1
R_3HMUmC5HixknwqZ,65608,below high school,Male,14,4,4,3,3,2021,4
R_435yo9ZG6aKp20N,1830,below high school,Male,30,29,28,28,28,2025,1
R_12ospFTXYm33AhB,2916,below high school,Female,15,12,6,4,5,2021,4
R_4Lkul7yj68mh0Hq,1316,below high school,Female,30,30,30,26,29,2023,1
R_a9TUOKoC1sy02qZ,2755,below high school,Male,27,20,19,19,10,2020,3
R_pg7LbZDnUikIooh,1619,below high school,Female,26,16,5,11,5,2019,4
R_9zSURvYN7nKgBes,35306,below high school,Female,28,17,15,6,3,2025,4
R_4ghW6Z6nBOxqrpL,1072,below high school,Male,30,30,24,20,24,2024,2
R_3m2yAwT1XnZ0LLn,3727,below high school,Female,30,19,14,8,10,2023,4
R_1Kg43uGLcx7qOWt,2207,below high school,Female,29,21,10,6,9,2021,4
R_41auaQnOUcrmMuv,1672,below high school,Male,30,27,26,22,19,2024,2
R_4F8l3FxBHPJVInm,2294,below high school,Male,30,27,28,21,16,2024,2
R_1JRPTZDJhA5gYXa,1337,below high school,Female,18,1,5,3,8,2023,4
R_2YFxHkrgnt1786U,2448,below high school,Male,22,25,22,18,9,2023,4
R_2OPfnvGKl8VIBel,5840,below high school,Female,30,29,14,14,9,2023,3
R_2ffALR1oLZu5nSg,2400,below high school,Male,28,14,10,5,8,2023,4
R_3nNMh9wym8TcdCL,1543,below high school,Female,28,25,21,16,16,2023,3
R_1rOJeCAxLYHFlSH,12973,below high school,Male,26,14,5,7,5,2024,4
R_4RRkMuF6LQIjnlY,1861,below high school,Male,25,12,9,5,5,2024,4
R_2ZCbOoDfgP1utSZ,1422,below high school,Male,15,2,10,6,18,2021,4
R_3QXCkqz64mDahnu,1893,below high school,Male,24,14,16,9,3,2023,4
R_942kA6RRl7ovRyz,10557,below high school,Female,30,30,26,22,18,2025,2
R_3j8nh3FJ3GdeZsD,2313,below high school,Female,29,24,9,16,8,2022,3
R_3dPQl466uSEMljX,1048,below high school,NA,29,27,28,3,2,2021,3
R_XnTizwU4vIchvmF,1562,below high school,Male,9,5,5,7,5,2022,4
R_4EW2CB3r95hUUZh,2092,below high school,Male,27,26,21,11,3,2025,3
R_elgIiugp5TOS7Fn,2690,below high school,Female,28,28,20,14,4,2021,3
R_1dnNTJuDHhkFVih,2703,below high school,Female,30,29,21,17,15,2023,2
R_4KxTYIyBlBBpKeS,873,below high school,Male,28,14,10,7,4,2024,4
R_4oWQTMJX1zRCld0,184263,below high school,Female,18,27,24,26,17,2024,4
R_1eLZjYyi8BS5Fx9,1608,below high school,Female,29,24,15,13,7,2020,3
R_4ijVWFlNu0RMCQD,1236,below high school,Female,29,30,26,27,25,2024,1
R_2429Y9kASdlBHNB,1569,below high school,Male,30,29,19,20,21,2021,2
R_9ksTPJ16Y1qTdkl,2089,below high school,Female,29,30,23,16,22,2025,2
R_4wGefU4hSG9WGA9,2232,below high school,Male,28,19,16,11,10,2024,3
R_4808bbIAlkj0TQJ,1631,below high school,Male,30,26,18,7,8,2024,3
R_4afZvUr9As3EvNz,1310,below high school,Female,28,24,12,13,7,2024,3
R_4IpQhxA13GK9sv7,1290,below high school,Female,29,29,30,28,29,2024,1
R_4dgBx0LoC8Je3k0,855,below high school,Male,30,30,26,24,26,2025,2
R_99b59wwUNeNg91v,1251,below high school,Male,30,24,13,18,12,2025,3
R_4cS0ffkrPKlM07s,1990,below high school,Male,27,22,23,23,13,2024,3
R_3nuXtNIqJ94fHV3,2071,below high school,Male,28,18,13,7,2,2023,4
R_2PtXR6TSO6QC3mw,1266,below high school,Male,30,29,23,24,23,2021,2
R_eCzMGTNbzt1u6aJ,1244,below high school,Female,28,10,6,5,6,2021,4
R_1NgF4bNx5HrcjYX,2823,below high school,Male,26,24,24,18,25,2021,3
R_XRQNt7bcVWgFWoh,2393,below high school,Female,30,27,27,13,7,2023,3
R_2wyHGFzHQHLmF1P,1783,below high school,Male,30,26,6,10,6,2023,4
R_3KPaJuv8etsWD5d,2880,below high school,Female,29,18,13,9,7,2021,4
R_9eiIauX6rpZ6WCR,1609,below high school,Female,28,18,7,8,11,2025,4
R_4Vj9BlEBYKt2kzT,1511,below high school,Male,12,10,6,3,6,2024,4
R_452OyfWvjyGZbzP,1953,below high school,Female,16,8,6,5,4,2024,4
R_4qPqXTP6Qo13yaG,94633,below high school,Male,23,14,11,8,15,2024,4
R_2SqoAjpyr0khwVL,1349,below high school,Female,28,25,24,17,15,2023,3
R_6fm0bm0EfPteMbG,1188,below high school,Female,30,28,26,29,23,2023,1
R_2TMK0a9Z2ElXDWf,3496,below high school,Female,25,26,20,20,22,2023,3
R_2fKdeCpFvFkoZcv,2607,below high school,Male,29,28,12,8,10,2025,3
R_2WOQOvvpNhEJHFi,1168,below high school,Male,27,20,13,13,5,2020,3
R_OCoDxkGLvjVGIaR,1986,below high school,Male,29,25,15,13,14,2021,3
R_1ClqKQiqRlYO2qQ,2398,below high school,Male,30,29,25,21,22,2023,2
R_es9JzXN5MKevu9z,2169,below high school,Male,27,16,4,5,5,2021,4
R_4CZtvM4KRvFor8D,1346,below high school,Male,18,9,10,6,6,2024,4
R_1FwyaeYGaUlGW0K,613,below high school,Female,21,7,4,7,8,2024,4
R_PRIIjxs6fiGiceZ,1376,below high school,Male,29,30,28,24,25,2019,1
R_3ho1w1aLCv0JJnE,2086,below high school,Female,30,27,21,17,10,2016,3
R_2y2ReXrJx2OhSgt,3790,below high school,Male,28,30,23,13,12,2023,3
R_9TzX4H2XVShesvS,1854,below high school,Female,22,8,7,1,6,2025,4
R_2WD7WS8PSlUZ57z,2643,below high school,Female,30,26,25,19,17,2023,2
R_2jdK6Zq04q6iExT,3088,below high school,Female,30,26,13,13,5,2024,3
R_28RL39sEsGYmx9f,1801,below high school,Female,30,23,13,13,9,2017,3
R_wL5nTuHPHGjTYS5,1398,below high school,Female,27,21,5,8,4,2023,4
R_3JLr1ZGfoUnv4oO,1993,below high school,Male,26,17,8,2,4,2021,4
R_vdjvGXAqBh6RX2N,1354,below high school,Male,27,21,4,7,4,2020,4
R_2xyFpXSk3ObhxGh,850,below high school,Female,30,24,12,13,9,2023,3
R_DjD3xt0oXSvV5xT,3673,below high school,Male,25,11,7,8,5,2021,4
R_9PMZCPgn8GviQpj,1225,below high school,Male,30,30,25,23,23,2025,2
R_9SIYgh04vBj3Vni,2464,below high school,NA,25,13,9,9,9,2025,4
R_3mCbgGk1gYpbcEf,8560,below high school,Female,27,15,10,9,7,2024,4
R_1igRKfd0pWoBDDr,2289,below high school,Male,24,22,14,10,4,2020,4
R_1kUnw6cAu6DWoPh,3062,below high school,Male,29,26,21,17,12,2023,3
R_3e2Lp3N5BabA0o8,19251,below high school,Male,19,14,14,13,8,2019,4
R_uwilhhlcF8I0tNv,2527,below high school,Female,29,30,20,16,18,2020,3
R_oZSJxyssUcOXZYJ,504,below high school,Male,26,9,1,5,7,2021,4
R_3P4XKC91PgVdN0Z,1687,below high school,Male,30,20,10,14,14,2021,3
R_3pnJfnHYsFhmmWz,854,below high school,Male,7,7,4,3,5,2019,4
R_3lMKne1PnwWLcEZ,915,below high school,Male,30,19,11,7,6,2020,4
R_QhSjHq5XRSqNpJv,14634,below high school,Female,30,29,16,18,19,2023,3
R_48JtjhXuu7NK8tH,1388,below high school,Female,19,7,8,6,5,2024,4
R_1Fo0oQOqs3jRJqI,24496,below high school,Female,30,28,25,21,9,2020,2
R_vSlDuZO5JWy3Jhn,2578,below high school,Female,28,23,17,21,13,2020,3
R_24MotNK0NFgJkpJ,2501,below high school,Female,30,25,19,17,13,2019,3
R_1hBbImUYYrm4F59,3154,below high school,Male,30,23,23,27,24,2021,3
R_4iwjLcBrdo2psOw,1627,below high school,Female,27,24,15,9,13,2024,3
R_ujH814g93VPb1Hr,2321,below high school,Female,24,6,6,6,5,2023,4
R_463BYasEXRdb1iX,3973,below high school,Male,28,25,10,15,9,2024,3
R_sTEnC7Otgtqh8qd,2821,below high school,Male,29,28,19,15,18,2021,3
R_PHQeLhiSdagz9Lj,1029,below high school,Female,27,21,8,15,16,2023,3
R_xfnjWFjjuRVXg0F,1188,below high school,Female,28,27,21,14,17,2023,3
R_9HMQgRpkXJRdQI1,2315,below high school,Female,21,10,7,5,6,2023,4
R_3IaxP5O3X4H30NH,1729,below high school,Female,30,29,19,23,18,2019,2
R_4jNgIlaU8uWkWxG,938,below high school,Female,30,30,30,30,29,2024,1
R_33DNesQhytiGTfK,9277,below high school,Male,25,10,6,4,7,2021,4
R_10I3M9V7UjAM1d8,2221,below high school,Female,29,30,27,29,29,2021,1
R_r8Z89c6zpW75A4x,2516,below high school,Male,30,18,9,5,6,2021,4
R_2rNqCfFt5ZWMJE7,953,below high school,Female,29,29,25,24,24,2023,2
R_4HzTSWfw3vHYZWJ,1251,below high school,Male,30,30,27,28,25,2024,1
R_4M66z19JT51oxrN,1702,below high school,Female,16,6,2,4,3,2025,4
R_1LcKqjLmrMDOV06,942,below high school,Female,26,19,13,11,7,2023,4
R_4kImmrddzrBw2Wc,1378,below high school,Female,26,24,22,13,16,2025,3
R_1FJPyd8Q7lbgvTB,3985,below high school,Female,30,26,15,14,12,2020,3
R_1luTpH0TeNgoc6Z,2340,below high school,Male,26,12,8,7,6,2021,4
R_4mmojkowvTnLoPd,1606,below high school,Male,26,17,4,6,7,2024,4
R_1IiuG6fFfdUCFJF,1667,below high school,Male,29,24,27,28,27,2022,3
R_1DILwmcciHW9YCr,3134,below high school,Female,30,26,25,19,21,2021,2
R_tJzb7UXssEHs7iF,1527,below high school,Male,29,21,7,5,8,2022,4
R_3EW4ecwxfyFUZGh,6012,below high school,Female,30,27,19,14,15,2020,3
R_bKQ8jOme9oWzIwV,17552,below high school,Female,22,9,5,5,4,2022,4
R_3pniQiSO85VBWeL,2043,below high school,Female,25,13,3,4,8,2021,4
R_3MSAgps4zG6k1HT,1192,below high school,Female,30,27,23,14,20,2023,2
R_WogwOWzUAXe2PlL,1985,below high school,Female,27,26,24,20,28,2022,3
R_41LRfDRVWRKVTkc,5218,below high school,Female,18,9,7,8,3,2024,4
R_1PaP9u7p4KX6a2K,2026,below high school,Male,23,7,7,5,3,2020,4
R_XzkRvvK2DObylsl,43781,below high school,Female,30,22,13,7,8,2017,3
R_2VxtBt8VDHIT5Zy,2398,below high school,Female,28,29,20,19,9,2019,3
R_4gwKTe1gVjZX0KP,665,below high school,Female,29,27,29,29,27,2024,1
R_2fdlEnKjXh3kJpA,2782,below high school,Female,28,10,8,8,4,2021,4
R_9aE1M4RCCjgj3Gp,1702,below high school,Male,29,27,17,16,10,2025,3
R_2Yn2od1GUJvQzcY,1554,below high school,Female,30,30,23,21,20,2018,2
R_2OW1cKA6JSQzP5h,1809,below high school,Female,30,27,15,17,21,2023,3
R_1P0CF4sa5pxXQ6Q,2682,below high school,Female,30,30,28,27,17,2023,2
R_47QEJgr2qZYD1Nr,1070,below high school,Male,29,30,29,29,27,2024,1
R_4Hh281LKehRU64i,1238,below high school,Female,23,25,20,26,18,2025,3
R_33pY36EjCzF3ZRU,2608,below high school,Female,28,14,30,25,27,2019,3
R_2fjL1TZFm8BXaIB,2688,below high school,Male,30,21,10,10,8,2020,4
R_4zRZAlFiGwdBJGj,176042,below high school,Male,22,12,8,11,18,2025,4
R_3Ei4DBcaxEtnfg5,1928,below high school,Female,30,28,18,13,8,2017,3
R_4fJ1j1wtNVo0r8y,1754,below high school,Female,29,18,10,9,5,2023,4
R_vjBS94xo8b0r4U9,1273,below high school,Female,10,5,7,1,7,2021,4
R_RrGCpKGsylcjZ61,2420,below high school,Female,30,25,18,17,10,2021,3
R_4jPt1gSlfXTYFeu,1437,below high school,Female,28,28,26,28,23,2025,1
R_2ScWgd2TsA8ijF9,2901,below high school,Female,30,23,17,12,12,2020,3
R_1eQMsVOjId3DQG0,1267,below high school,Female,30,28,22,21,19,2021,2
R_1rGOrbrKcYUUr3w,2314,below high school,Female,30,28,29,28,21,2023,1
R_su5GhaaB2K9h053,1617,below high school,Male,28,15,26,25,25,2023,3
R_5jpTIpauXZl0xal,499,below high school,Male,12,5,2,5,6,2024,4
R_2WG0DOsCsDIEL0R,2484,below high school,Male,29,17,10,9,7,2025,4
R_2dKhovmPShS0oou,2266,below high school,Male,29,26,18,12,11,2020,3
R_3EDUjHwqpkS6dHx,3497,below high school,Male,27,13,6,7,5,2021,4
R_2ZWYd9aJrwCdPjt,2150,below high school,Male,30,29,24,15,22,2021,2
R_4fcyEbKJdYA3MFW,1466,below high school,Male,30,14,8,9,15,2024,4
R_3pfheek7y1AxKv2,2848,below high school,Male,30,19,14,17,9,2023,3
R_4jU1BODwEi7ch3j,535,below high school,Male,28,22,8,8,2,2024,4
R_3FQJS8sgu1iqaOP,1280,below high school,Female,25,13,9,13,5,2023,4
R_4flYEsRw6H8TyO6,156979,below high school,Male,30,29,25,22,18,2024,2
R_4cCn2KnpfeYv7d7,2913,below high school,Female,25,13,10,7,5,2025,4
R_4oFK43ZhN98rnFC,82592,below high school,Male,30,18,10,15,20,2025,3
R_UzL5tSdUAdtqmUV,39502,below high school,Male,30,30,24,23,4,2023,2
R_1rwhFdtF5qkB6Ic,1399,below high school,Male,27,16,10,6,7,2020,4
R_3hH2wVum9FF7EzS,3002,below high school,Female,27,16,5,6,3,2021,4
R_1rCeNIpllryYw22,2255,below high school,Female,28,14,10,7,4,2021,4
R_3iUs818jMnQ4Kc4,1557,below high school,Male,28,15,8,8,5,2021,4
R_10TyYjEdSY0guZP,1132,below high school,Male,20,8,6,3,4,2023,4
R_24LUDsFU1J8SD5H,1442,below high school,Female,30,30,27,30,28,2020,1
R_1dFZBzaLhPx4YVW,1003,below high school,Male,30,30,26,28,28,2023,1
R_3e4sjEIxXkgpDpS,4153,below high school,Male,30,30,30,30,28,2023,1
R_2YEebxbxW4yy8g6,69797,below high school,Female,30,30,20,6,5,2023,3
R_DUyeOHkEqpgewgx,1296,below high school,Male,30,28,21,19,26,2021,2
R_4gvlj0JpEIMZLSy,1265,below high school,Female,29,24,17,9,4,2024,3
R_4LiOSwlYc5I1YoO,4840,below high school,Female,17,13,5,5,5,2025,4
R_sd6ODMPWDOcu9EZ,1563,below high school,Female,30,22,18,18,15,2019,3
R_4I74qBWhXNBTiAk,2720,below high school,Male,29,22,5,6,3,2024,4
R_4lY6lsLkaze2bT7,1227,below high school,Male,29,27,22,18,18,2025,3
R_3nu6xWT22Jvlotg,2116,below high school,Male,30,28,27,18,25,2022,2
R_4ay6d5Xk6TO6GRW,3194,below high school,Male,27,13,6,8,3,2024,4
R_TqnQCxGeaYRaCc1,732,below high school,Male,30,30,30,30,30,2023,1
R_rqBkfH6PQseonRL,1865,below high school,Male,18,10,7,9,3,2023,4
R_D8EyeTjo1pNTCLf,2835,below high school,Female,30,27,11,19,21,2023,3
R_1pQmogAMOhG4K8a,22582,below high school,Male,27,13,6,6,4,2023,4
R_41Yk7wUZhFWjVSQ,6065,below high school,Male,18,9,3,4,5,2024,4
R_5otkHST4cqsj6qB,1085,below high school,Male,21,9,6,7,9,2021,4
R_9ijX75G8EpgEzIK,1687,below high school,Female,14,12,8,4,4,2025,4
R_2TB2thYFoiQAygk,2324,below high school,Female,30,29,30,28,30,2021,1
R_4j8philhwbZN6ah,1087,below high school,Male,30,21,15,13,10,2024,3
R_1KxcenNKtu7ZteS,1898,below high school,Male,23,10,8,9,10,2019,4
R_4sR1WoftTJVuANm,80504,below high school,Female,28,23,12,14,11,2024,3
R_1qeXyYUho703EJ0,2167,below high school,Female,29,20,10,8,6,2023,4
R_4V9J5wxwlK9zSjZ,37180,below high school,Female,30,29,29,29,30,2024,1
R_4YQX2L7mHy8gveh,2834,below high school,Male,29,29,22,27,29,2025,2
R_4as6XKICna06Nqx,643,below high school,Male,3,2,10,5,2,2024,4
R_2wogfL0KZYXeZdp,2079,below high school,Female,30,22,22,9,5,2023,3
R_wZr8R04WydjjqzD,1574,below high school,Male,28,26,10,9,15,2023,3
R_2EEuGSl637AuLQa,1454,below high school,Female,29,29,22,19,18,2023,2
R_uyQ15wXdQ02KFrj,2611,below high school,Female,30,29,20,23,13,2020,2
R_33auMdxo6VnMzwU,1126,below high school,Female,30,25,22,17,20,2023,3
R_4zqgkEz8mFCWHDO,823,below high school,Male,30,30,30,29,29,2024,1
R_3JFraBzz4Ye5rEd,1285,below high school,Female,28,14,9,8,8,2023,4
R_vxeGpyaRJir9O6Z,5878,below high school,Male,30,29,25,18,8,2018,2
R_RbsX49cEDe9XFSh,328853,below high school,Male,25,18,7,3,3,2023,4
R_4gdI9H439WRNu7v,1679,below high school,Male,30,30,27,21,18,2025,2
R_4oNulFKqwqzTxwP,2439,below high school,Female,30,28,24,17,11,2024,2
R_2wGEGukW14XTLQi,1499,below high school,Female,14,4,2,5,4,2021,4
R_4daYrS5z896LfLE,2041,below high school,NA,20,8,7,1,4,2024,4
R_28Vf4fmTEEmmjZv,1218,below high school,Female,28,27,12,14,13,2023,3
R_4p6vxlH50u5yem5,1224,below high school,Female,30,30,26,26,24,2024,1
R_2tuvhC30wgIu5Oa,1580,below high school,Male,27,23,9,6,3,2023,4
R_0r1hDt6gusi0TTP,1706,below high school,Female,30,26,20,14,16,2022,3
R_4cZJUzyuYLhk7yy,1632,below high school,Male,24,5,8,10,3,2024,4
R_3pMpDA2rLuHbvA2,1904,below high school,Male,26,12,7,3,5,2025,4
R_1QKhg8KMNrcmeqd,2060,below high school,Male,20,15,4,3,5,2018,4
R_9HGM6NAfFfqoSe6,12271,below high school,Male,29,24,27,19,14,2025,3
R_4putuOYGho4hTGL,2754,below high school,Male,28,19,15,19,19,2025,3
R_3KW6no1FHrEfsVu,1623,below high school,Male,30,25,11,14,9,2023,3
R_1jfhpurp9x4zdCA,1747,below high school,NA,29,25,24,6,6,2023,3
R_3MRSx47ANowCZeq,1728,below high school,Male,26,22,10,10,1,2025,4
R_2EfNMNzbuaDsvU5,1474,below high school,Female,29,14,15,16,8,2023,4
R_1ff1wirRQZZj6Ol,1340,below high school,Female,28,27,23,19,13,2023,3
R_OBCMbXLnH9G4WVH,1853,below high school,Female,5,6,4,4,4,2023,4
R_1mn1UzyBnnTgdcp,2119,below high school,Female,20,9,6,5,3,2022,4
R_3et9gIi8kkUtp01,3324,below high school,Female,30,25,21,16,10,2021,3
R_47HZ05SID1VvWeQ,1990,below high school,Male,29,25,20,6,5,2024,3
R_4LKB8iLSI8uvzxv,1894,below high school,Male,29,21,8,5,3,2025,4
R_1GHAlcYGO10VbrD,498,below high school,Female,11,4,4,4,8,2021,4
R_uaW0aHjMn7Q4aT7,2106,below high school,Male,30,24,30,29,28,2022,1
R_1BY1wLGBV4PBsV8,1448,below high school,Male,30,29,23,17,14,2022,2
R_2f1h4jLwSbSMfsX,2665,below high school,Male,30,19,15,9,9,2019,3
R_41nY70vydA6SJMV,1596,below high school,Female,29,24,26,30,25,2024,3
R_b4ro2OWDYJ5219v,1878,below high school,Male,16,2,10,4,3,2021,4
R_1M4mgcLRpEcYfNu,194091,below high school,Female,30,29,27,24,24,2023,2
R_W0AwLHevEP8Qapr,5448,below high school,Female,29,28,22,23,20,2017,2
R_2yf8KSUNOrbwS8P,1624,below high school,Male,27,13,8,5,3,2019,4
R_2zZu8s0KSaEfGk8,3436,below high school,Male,30,27,14,9,10,2020,3
R_3GjqVwmdxtHkFcA,3719,below high school,Male,30,29,24,16,18,2022,2
R_2uQk3pYykVowVKS,2110,below high school,Female,29,24,12,14,8,2022,3
R_3HviF8c5IIIJJLb,2678,below high school,Female,30,22,17,13,8,2023,3
R_31NuHqbJU72UBr0,2075,below high school,Male,30,28,23,24,24,2023,2
R_4wNVwx3TIIQTRec,2307,below high school,Female,21,11,3,8,10,2024,4
R_1joEfErgh7nRz8M,3053,below high school,Male,30,30,22,12,12,2023,3
R_AszalHYm4IkkWD7,997,below high school,Female,30,30,25,25,27,2023,2
R_wWY5lAsfw2OP06R,2765,below high school,Female,30,21,15,9,13,2020,3
R_4w6NySIV0eQpMwZ,1144,below high school,Female,29,23,24,19,23,2024,3
R_46mMUqnVU9Wj36u,1657,below high school,Male,30,30,27,24,20,2024,2
R_2YhqWTpnduSCpCJ,4187,below high school,Male,30,23,20,12,12,2023,3
R_21cZE7hdjydhsTN,2047,below high school,Male,29,25,18,15,7,2019,3
R_4XiE8tguw1LnVf5,2723,below high school,Male,20,14,19,25,28,2024,3
R_4I9oeewxW0RNsC1,2146,below high school,Male,30,22,15,19,17,2024,3
R_4ceDyqkyVhXvR9I,1676,below high school,Male,14,8,10,17,14,2025,4
R_6r7hjb3Hpj6DLRy,763,below high school,Female,24,12,6,4,7,2024,4
R_BVTW4yEt4hPj8GJ,2619,below high school,Female,29,13,9,13,7,2022,4
R_D1w6AfbodNkQN3P,1611,below high school,Male,28,23,19,23,16,2022,3
R_3G0oweCP3K9SYQG,2195,below high school,Male,29,29,19,23,21,2021,3
R_1mq03TRAetLWYeO,2206,below high school,Male,25,20,7,6,7,2023,4
R_1Cf6DAsIOaRtjrR,1112,below high school,Female,30,30,26,28,28,2023,1
R_1pDwgDw7UX3qW0y,1059,below high school,Female,30,30,20,18,19,2021,2
R_1OWiUw82sygjktE,6556,below high school,Female,28,16,10,2,1,2021,4
R_5aTy2gtPHBju9mp,6208,below high school,Female,30,25,25,24,15,2020,2
R_2eW1OyYWRrwbgNO,1951,below high school,Male,30,29,25,18,16,2023,2
R_3fuDWJjRYEOnsE6,1256,below high school,Female,29,24,14,18,16,2023,3
R_2D04KIrRs0Pb0KG,3648,below high school,Male,27,15,8,4,5,2021,4
R_3rZjb7x7KFcvTEo,2549,below high school,Male,30,27,30,21,17,2023,2
R_3KMGFx9JSB5W26x,3435,below high school,Female,27,16,11,9,14,2020,4
R_piov3JBHRRtKuLn,4131,below high school,Male,29,19,17,8,2,2020,3
R_45egAwp6Hlhq0Ol,12672,below high school,Male,24,16,12,7,11,2025,4
R_2zMjgG3XJmb2t6i,87135,below high school,Male,30,28,26,19,5,2023,2
R_2p3ATCvsGlS7Eli,1823,below high school,Male,20,4,18,18,6,2024,4
R_9NgF81IzwMcllOD,2036,below high school,Female,30,30,26,28,23,2025,1
R_3O7y8XtuA9i6IYe,1979,below high school,Female,30,22,20,16,15,2024,3
R_4BAxpCweESfUDmN,1791,below high school,Male,30,29,29,26,20,2024,1
R_487OXfge7XLudAR,1630,below high school,Male,30,21,15,15,21,2024,3
R_2xYq9qw4Xo6Jajg,1989,below high school,Female,20,10,3,5,7,2021,4
R_9VIVVwcjCtv8g13,93464,below high school,Male,26,15,6,5,8,2025,4
R_2pWXanUBmDMIl1m,1993,below high school,Female,29,27,21,19,8,2017,3
R_1d0qi1N3raYvEzQ,3288,below high school,Female,27,24,19,17,5,2019,3
R_3NRoGk4SGDH18rz,2401,below high school,Female,30,28,23,16,11,2016,2
R_4y8dBbhiVdMtiOw,2681,below high school,Female,22,11,11,7,0,2025,4
R_5tY8QH36fPcMJd7,1936,below high school,Male,30,28,22,17,3,2023,3
R_1C14rI8ECAc3mJr,1278,below high school,Male,30,30,25,24,24,2019,2
R_4nuvSCakt5F5xct,2572,below high school,Female,23,18,10,9,5,2025,4
R_2Eavmzo3LnUb161,1933,below high school,Male,24,17,13,10,9,2021,4
R_4G7jzzWwH9hP4na,1064,below high school,Male,27,25,24,21,24,2024,3
R_2vbNPfQ0kE9K2bP,1818,below high school,Female,15,7,30,12,10,2019,4
R_10vfcZgy26mHb15,1762,below high school,Female,28,17,14,13,11,2021,3
R_4jICeXtRsVDF0Xb,1546,below high school,Male,17,7,3,4,4,2024,4
R_4ZUIjcKeyF4t7XK,2186,below high school,Male,11,6,3,6,2,2024,4
R_4saoN3sPIQA6rVz,2296,below high school,NA,21,12,9,6,4,2024,4
R_2dyd0TQItLzQ0Ev,6331,below high school,Female,28,29,29,25,13,2019,3
R_9ALQzIxND6mxKrp,2508,below high school,Female,30,29,28,21,15,2025,2
R_bElHwJPbnZvW2nD,1359,below high school,Female,30,30,23,22,18,2023,2
R_2VOBiOvup7DMwNh,2569,below high school,Male,29,21,18,9,15,2019,3
R_129FYF5szmyw8nD,2217,below high school,Male,27,23,8,6,7,2023,4
R_1H5bAlOXHTifI5j,2874,below high school,Female,30,28,29,25,25,2020,1
R_4CHr7M034vMoe1Y,1373,below high school,Male,30,23,9,11,15,2024,3
R_3EakbH11cGcKSQd,1373,below high school,Female,30,23,17,13,9,2017,3
R_2VIJS7EFHRIEJvI,1781,below high school,Male,30,26,20,18,12,2023,3
R_4LSR5Ae2TkCGTmh,15226,below high school,Male,30,22,17,6,9,2025,3
R_3maiOGlYrOIyknF,2252,below high school,Female,30,23,17,14,4,2020,3
R_1DnwJ9fQDvhWukG,1620,below high school,Female,30,27,26,14,11,2021,2
R_10VHrElIMxSDqw7,7536,below high school,Female,29,24,22,15,9,2018,3
R_42qRke3CmrpqIMg,1549,below high school,Male,15,14,5,4,8,2024,4
R_4Jyns8oPAhYayxM,74894,below high school,Female,30,29,28,30,30,2024,1
R_4pVAN2DwCfAEDuh,1461,below high school,Female,23,18,6,15,12,2025,4
R_3RrrdkAoMoOSQuY,1510,below high school,Male,30,30,27,21,21,2023,2
R_3sXe8LXX55wyUdX,36755,below high school,Female,28,25,18,19,7,2016,3
R_R9WggiAtAYPPJpn,1127,below high school,Male,25,7,7,8,3,2022,4
R_1pmPGwkXPkxRxLF,885,below high school,Female,30,28,25,22,19,2023,2
R_4dFokPLA0Huw04m,1796,below high school,Female,24,10,9,9,5,2025,4
R_BsUGHTPdFLBQ1wJ,1858,below high school,Female,30,29,21,22,18,2023,2
R_Xvbea8sHu3Je2qJ,2236,below high school,Female,29,28,26,15,9,2023,3
R_3qyuwhMzJpVkUKU,2674,below high school,Female,30,24,22,13,14,2021,3
R_28LLcIWyrgyf21t,2075,below high school,Female,28,29,25,18,13,2019,3
R_1OrUIwFY1mJ2JnF,2781,below high school,Male,30,30,30,30,28,2023,1
R_6wZewJhNrGAb6al,1540,below high school,Female,29,28,22,21,18,2023,2
R_3KZr4J1mRQBU3VO,1702,below high school,Male,30,28,16,3,4,2023,3
R_2XgnFKVMF3bsaH2,1440,below high school,Male,27,25,18,17,7,2023,3
R_2qxGmgRM2ymVA5p,778,below high school,Male,28,29,28,30,28,2023,1
R_u2N1Lw5GnVMQ5yN,873,below high school,Female,30,23,16,17,12,2023,3
R_7NYY26FuRS4REbv,2235,below high school,Male,30,30,17,19,15,2024,3
R_4fLspBCuEtnoPId,93389,below high school,Female,28,27,5,6,25,2025,3
R_3kNzRQs9KP8MiKP,3067,below high school,Male,30,23,8,9,5,2020,4
R_USJ9ZKjTLypVYYx,2357,below high school,NA,30,29,21,22,18,2019,2
R_4mNk1FpU5DPO7a9,1657,below high school,Female,26,22,6,6,14,2024,4
R_4cjxiTlGMvpetNW,1824,below high school,Male,25,20,9,7,3,2024,4
R_1LXQaxrXk9yTbpg,2952,below high school,Female,28,18,11,18,16,2021,3
R_4R50yFNqim1WsZq,2681,below high school,Female,13,8,10,3,2,2024,4
R_2ZJK2lZssRMuXyv,1863,below high school,Male,30,29,25,25,25,2023,2
R_9JJ0JsVXLDqg9c5,4872,below high school,Male,26,22,23,23,16,2025,3
R_ylSXSVK27VoQIGl,5278,below high school,Female,30,22,13,14,10,2020,3
R_4CT27VEr5gz4oql,2132,below high school,Male,30,30,20,24,21,2025,2
R_9B10HdRvTdMRBkJ,2004,below high school,Male,23,17,7,8,9,2025,4
R_10CQKbniIh9uQA6,1969,below high school,Female,26,22,16,13,13,2023,3
R_2R9u1DwwKiRUyrU,2828,below high school,Male,30,24,18,8,6,2023,3
R_4vjZI89ZOtrW39n,1389,below high school,Male,30,29,18,19,20,2025,2
R_1jPvR2LWB4l8xpr,4304,below high school,Male,7,3,9,2,7,2021,4
R_BS3IFjrDPcXafkZ,27540,below high school,Female,26,24,8,19,17,2020,3
R_8iyJyUQpjogu30l,1847,below high school,Female,29,23,16,13,15,2020,3
R_1pAuLgfjVu2OV5S,2522,below high school,Female,30,14,16,15,8,2020,4
R_cMw4Gjm0rxDAcOR,1932,below high school,Male,27,15,13,8,4,2020,4
R_1d5I29hHJXn8Aph,2489,below high school,Male,20,10,7,5,6,2018,4
R_4AqjhWo3INXf7jP,3068,below high school,Male,30,19,6,6,10,2024,4
R_4cciCxybPKFH8gc,1441,below high school,Male,7,6,2,5,6,2024,4
R_2Eph1NKjyyQI4CS,219366,below high school,Male,30,30,27,25,4,2023,2
R_1gN3XWMa35y1YQA,1760,below high school,Male,29,25,3,4,6,2021,4
R_27QmLoKJO5sUmcj,1472,below high school,Female,28,25,16,7,4,2023,3
R_2czHtR2RJ273s3R,946,below high school,Female,29,29,26,23,18,2023,2
R_9exhM0OskYAXiyT,1746,below high school,Female,30,21,8,9,11,2025,4
R_1MsRlyKLQSj4ARX,2676,below high school,Male,26,22,17,14,7,2021,3
R_3fNmk3GQlWXx4ZR,2066,below high school,NA,29,16,27,26,24,2021,3
R_3gN5X7ZoYLRFr5D,2602,below high school,Male,28,18,10,6,7,2021,4
R_2WGcYx9CyngaBDU,1780,below high school,Male,30,30,17,21,18,2020,3
R_1MWphNcLP0q4AmU,3321,below high school,Male,27,19,18,8,3,2018,4
R_49TMbGQpOcRGVpv,651,below high school,Female,29,25,20,9,2,2024,3
R_1isQyMkxQDKQ6zb,1222,below high school,Male,24,29,28,28,27,2020,3
R_4vfhWO2KWyzNJ85,2911,below high school,Male,24,11,4,5,6,2025,4
R_443TwD2RARtkUvf,2988,below high school,Female,30,30,25,21,16,2024,2
R_1OKd5tUHragMYrg,24790,below high school,Female,30,29,30,27,21,2023,1
R_24eNA9nuolnJrH2,1004,below high school,Female,27,22,6,9,8,2023,4
R_1k1aKoFkvtRl2Kd,1335,below high school,Male,30,30,26,27,28,2019,1
R_2D5HNirwmHpN7f3,26998,below high school,Female,27,19,3,7,10,2021,4
R_89dUbr4JOPYARi1,3467,below high school,Female,30,25,22,22,17,2020,3
R_sqaxBShzEtmHCsF,1574,below high school,Male,22,12,9,7,3,2021,4
R_2fqRf4k7abSZpVv,2874,below high school,Male,30,23,16,12,6,2021,3
R_4NcNG0gE00z4iSl,1561,below high school,Male,19,19,5,2,2,2024,4
R_3Uvp1aH0kShPoyJ,95434,below high school,Female,30,28,28,22,4,2023,2
R_9MPYhcGN67h18Sl,2396,below high school,Male,30,30,25,18,12,2021,2
R_4KKlpUl4JY8UzHr,5387,below high school,Male,14,6,6,5,7,2024,4
R_qRuebD1xUmJmq0F,72188,below high school,Male,26,18,14,12,7,2020,4
R_26hdcuRVoK3D0Cd,2618,below high school,Female,28,30,28,22,17,2019,3
R_1rvNoMSzGxn2tnH,2223,below high school,Female,30,29,25,17,13,2019,2
R_8vHzLa9LCDIh9kJ,1017,below high school,Female,29,27,28,29,27,2022,1
R_3nPEPd7Fkvu61vQ,8501,below high school,Male,24,14,9,7,10,2023,4
R_4eF7uybCLCqrxe3,3467,below high school,Male,20,8,7,8,4,2024,4
R_A1GTq52TkudopSV,1879,below high school,Male,30,17,17,10,10,2023,3
R_2Ea0zvkRU4NCoov,1303,below high school,Female,25,14,17,15,14,2024,4
R_31F1SecMYCNhVK4,761,below high school,Female,30,25,29,28,28,2022,1
R_2ZWxzLyoSZps6QF,1089,below high school,Female,28,26,18,16,15,2023,3
R_11XFnu4tZ54Z8Et,2108,below high school,Male,29,17,16,10,3,2023,4
R_3sdGnNG1nlGdKtO,2759,below high school,Female,30,23,6,8,3,2023,4
R_1pKlbF0PE2lvi90,4390,below high school,Female,30,27,16,19,18,2022,3
R_1E6hwYlLpj67Rhw,3532,below high school,Male,30,25,13,14,14,2022,3
R_29nSWwMVpS2Bx1i,14882,below high school,Female,30,24,14,9,7,2022,3
R_1F3TTrndc45l1a2,2067,below high school,Female,30,24,21,14,15,2020,3
R_3TYUeNPhoBw3nyS,2513,below high school,NA,30,26,8,6,10,2024,4
R_UJwGuijKFdBpmZX,62572,below high school,Male,30,29,16,3,6,2023,3
R_8rhMp1G7Oal0KMp,2401,below high school,Male,30,26,25,18,7,2022,3
R_3G3eaazuXkOcesq,1953,below high school,Male,30,28,11,23,19,2022,3
R_2zDdVnJ2laOqpta,1487,below high school,Female,29,28,23,18,13,2023,3
R_97v8Snd0qFdcRAS,2451,below high school,Female,30,28,22,19,9,2025,2
R_1cZXq5ohZYVh4rY,747,below high school,Female,30,19,10,8,6,2021,4
R_2pRka6aZSbGKhPM,11457,below high school,Female,30,29,25,20,14,2023,2
R_233INAH9LiWRTSG,2672,below high school,Male,30,29,21,16,20,2019,2
R_92qYPdg6rOpF0Z3,806,below high school,Female,25,17,7,3,3,2025,4
R_4PaLzTSxRwhA4EL,2807,below high school,Female,29,20,10,17,7,2025,3
R_3L7ppFqa1WI9Qes,1468,below high school,Female,30,28,24,27,18,2023,2
R_7UM7UwccUWuAbAt,628,below high school,Female,28,15,13,5,8,2023,4
R_2xUVAZaTuwCsvgp,1284,below high school,NA,28,27,20,19,14,2023,3
R_r9MAMLn49DUr9Sx,970,below high school,Female,19,7,2,5,3,2019,4
R_4s1iYZTBgXUfWv4,2904,below high school,Male,23,16,7,12,4,2024,4
R_3NVOpBPt4qv00pi,40679,below high school,Male,15,5,7,7,6,2021,4
R_5WD0DwN9MmWa5W8,1456,below high school,Male,26,8,7,8,4,2025,4
R_4MKf0w4WVDqPmEy,1984,below high school,Male,28,13,5,8,6,2024,4
R_4K0YyyppaCAIJQq,90492,below high school,Female,30,29,29,30,28,2025,1
R_23eQ90aiqcb2mzk,1666,below high school,Female,17,16,15,9,7,2023,4
R_21gpCKnWCBA2fQl,87391,below high school,Female,30,25,20,22,16,2020,3
R_2E5XsxfsWn4KZCQ,77536,below high school,Female,9,6,6,2,8,2023,4
R_5BKz2iqfmAMDGUh,2953,below high school,Male,12,10,7,6,6,2025,4
R_3Gy2V2G45Sr3dIe,2184,below high school,Male,22,15,13,4,4,2023,4
R_2BfzFTN3Oipl1lX,1102,below high school,Female,25,13,6,7,4,2023,4
R_1MPOOJBFL3bWgqg,7347,below high school,Female,28,18,19,11,7,2020,3
R_3g7bBlImIwEW9r6,1961,below high school,Male,30,15,8,8,3,2021,4
R_4EiyCMej8TISBgo,2577,below high school,Female,23,10,7,3,5,2024,4
R_2PhFOKSg2ZbYdap,1440,below high school,Female,9,4,4,5,2,2023,4
R_4RBwPZ6mzjRUXQt,2681,below high school,Male,23,14,5,6,7,2024,4
R_3MaEf9o4MBftb8T,3555,below high school,Female,30,29,24,27,20,2023,2
R_32OV17OxWF4JdCI,24501,below high school,Male,27,15,11,8,5,2020,4
R_1N24rvmNEax2me1,1842,below high school,Female,22,13,17,9,3,2023,4
R_x0cmRdtP0hDDtD3,2172,below high school,Male,24,18,5,2,4,2023,4
R_2qeIZu40PqnL7Wz,987,below high school,Male,12,6,6,5,4,2019,4
R_94ia73DmOc0LPdn,5248,below high school,Female,27,16,11,7,6,2025,4
R_p3GkkBMWpIYa5WN,84419,below high school,Male,30,30,26,27,27,2022,1
R_9tMg9kEhCYk3yLx,2115,below high school,Female,30,26,16,12,19,2025,3
R_4k1E7lmpkb3MzsV,91757,below high school,Male,29,27,28,29,4,2025,3
R_rpyxStZUzfi2Zvb,23889,below high school,Male,29,23,4,6,7,2021,4
R_1othtbVnD8erNLZ,897,below high school,Male,28,30,30,29,30,2021,1
R_7xLdVn4ysl2TDug,5216,below high school,Male,27,17,12,10,6,2024,4
R_D7bCACllargG7JL,3034,below high school,Female,30,28,17,6,4,2023,3
R_4rq2kEJ3azNiF1W,1346,below high school,Female,28,16,11,7,7,2024,4
R_4pieemjYG4akwRX,2674,below high school,Female,30,23,14,16,14,2025,3
R_2BtXDaeBtUs5iA4,1645,below high school,Female,29,22,15,10,9,2020,3
R_1di6w7gpQI1UCXm,2184,below high school,Female,28,21,10,15,13,2023,3
R_4r0INzHvAVTmEzD,992,below high school,Male,30,29,29,29,28,2024,1
R_1JCmQVpIpNHLMbz,3350,below high school,Male,30,25,17,3,5,2023,3
R_4EsFqmqju1IZpp5,1749,below high school,Male,20,7,5,9,7,2024,4
R_6D1VY1BXGP6X6hj,172013,below high school,Male,28,28,30,29,29,2021,1
R_3FJAKIeaLeCMP42,5589,below high school,Female,30,28,20,15,17,2020,2
R_3D0VCCR1gy1crbx,1764,below high school,Female,29,27,20,14,6,2022,3
R_1mK8wFpRDacRqPQ,1436,below high school,Female,30,30,25,22,22,2023,2
R_4JtsvhGsDRROHF7,1245,below high school,Female,30,30,30,30,30,2023,1
R_2EHt84ocsAH3m3W,225637,below high school,Female,30,29,8,5,3,2020,4
R_9YR2uszRwwgAjdn,2114,below high school,Male,27,14,11,6,7,2025,4
R_3q8NDJp7lA2gT9f,1721,below high school,Male,28,12,4,3,5,2020,4
R_31Zy6P6Y5wb91nH,723,below high school,Female,27,13,2,3,5,2021,4
R_4oBoJYCisqjgrJU,2120,below high school,Female,29,24,7,16,14,2024,3
R_4BRYLiZ8DQJmmAx,648,below high school,Male,5,4,3,6,6,2024,4
R_4WSxyc0OSKGPcn7,2555,below high school,Female,26,15,13,15,11,2024,4
R_22YqWUktc4FzY7B,2432,below high school,Female,26,27,19,17,10,2019,3
R_2BqYCJqugpC4aEm,1357,below high school,Male,29,25,28,30,3,2023,3
R_4m2KNqeiCiayn53,1492,below high school,Male,30,28,21,21,21,2024,2
R_ThAaaYUdhrqM9bz,1657,below high school,Female,27,12,5,7,6,2021,4
R_4GDs4kZGvi4I7Kb,2278,below high school,Female,30,21,7,8,5,2024,4
R_2U9u2xFnHKeZfcj,1502,below high school,Male,7,5,26,28,6,2023,4
R_433mEZG9WkO9rUp,91905,below high school,Male,30,26,26,29,27,2025,1
R_2PLic1fHzTGafDf,2163,below high school,Female,30,20,14,17,14,2025,3
R_4aZLGpDYAU5KrlL,2803,below high school,Male,18,13,9,10,1,2025,4
R_4SelfC9OG4Da4El,1309,below high school,Male,30,29,26,29,30,2024,1
R_2boPlBMtAR2MTFT,838,below high school,Female,30,28,29,30,27,2023,1
R_2zOO8hOpYuxtQpD,993,below high school,NA,27,26,23,19,16,2023,3
R_49RaUeADH9Y3aQ9,661,below high school,Male,14,6,8,8,8,2024,4
R_2v6vFY5WwogD7pb,3084,below high school,Female,30,30,29,29,29,2023,1
R_2YFnNW63iQEGJUT,1013,below high school,Female,30,27,18,13,11,2020,3
R_9PUgjqTCGNdRzZ3,28643,below high school,Male,28,19,20,10,4,2025,3
R_9bNok9Z2TGHC5QE,782,below high school,Female,30,30,29,29,29,2025,1
R_9j6DrT1fn6R6fjJ,2480,below high school,Female,30,25,19,10,9,2025,3
R_1g2q0n1t2X3aQ7o,1943,below high school,Female,28,13,8,13,10,2019,4
R_3gUbuhT4LV9ePVr,1942,below high school,NA,29,21,16,11,6,2023,3
R_22WbZjn0I6gUHDK,1386,below high school,Female,30,25,21,24,19,2023,3
R_RzA25C1Bt4tCQ7v,2243,below high school,Female,24,12,6,4,4,2023,4
R_Od5vVpRSAk0o8U1,1899,below high school,Male,28,24,19,19,13,2021,3
R_RmGGbTdBM6ypC7f,4004,below high school,Female,30,26,15,16,3,2020,3
R_3D71xXvinorD4B1,1323,below high school,Male,22,14,10,3,7,2021,4
R_DNcAzFVPpGXDy49,1388,below high school,Male,26,15,8,26,25,2022,3
R_4MGcNjJtKFWYl3y,1891,below high school,Male,30,17,10,6,10,2024,4
R_3CC7RUhQjDpAjyd,1164,below high school,Female,29,25,16,11,14,2023,3
R_XM19ES8L1xcybgB,299887,below high school,Female,30,27,26,30,25,2023,1
R_4vSKC3xvfS2yxPz,1262,below high school,Female,30,29,25,20,13,2025,2
R_1rBOEz5IjNIK7W2,32203,below high school,Male,26,22,15,12,12,2023,3
R_1fdDD1yGeCoJIAZ,1234,below high school,Male,27,18,11,11,7,2023,4
R_46deBR9LY2vKXst,2586,below high school,Female,30,29,24,14,6,2024,3
R_9AWQJCfmo4WJ5Cr,1892,below high school,Male,28,13,4,7,10,2025,4
R_2fJt3CGzOqDorTK,1181,below high school,Female,29,28,21,16,14,2023,3
R_3CZz6br5aQm9hWh,993,below high school,Female,28,29,23,25,23,2022,3
R_3LjVPrBSv2IJtJO,3233,below high school,Female,30,29,27,19,17,2021,2
R_1o5fvzjkuZ4Ylxg,1793,below high school,Male,16,13,8,5,3,2021,4
R_9bdN2Uaty4ika9X,2274,below high school,NA,7,3,6,9,9,2025,4
R_31dwZH6T4g2L7z2,2587,below high school,Male,28,25,8,7,16,2023,3
R_1N874cFlTpj3nKg,3596,below high school,Male,27,16,13,17,15,2023,3
R_4dVSbsPhDNevefr,1244,below high school,Female,13,9,15,11,18,2024,4
R_vxelQtsTgO8xsCl,3700,below high school,Male,30,26,18,15,10,2020,3
R_9cXRhNRmIrhMOK3,1247,below high school,Female,28,30,27,27,27,2025,1
R_aW45WbRa4hNVXTr,1399,below high school,Female,30,29,25,18,17,2022,2
R_3hbCRryXHyiPHGp,1627,high school,Male,30,18,13,8,3,2023,4
R_2zZ6fJbtbhcmX1Q,133666,high school,Female,25,28,26,19,21,2021,3
R_4EyIDGiKAIT9FSN,989,high school,Female,4,2,6,5,11,2024,4
R_4Okzq3cKRIoWeSJ,9476,high school,Male,30,18,25,26,24,2024,3
R_9YhWk1U58ehyLrx,2354,high school,Male,21,2,6,8,2,2025,4
R_1Gy0Mko8zWUbFKC,4153,high school,Female,30,29,22,20,15,2021,2
R_4mxAbRinOiDCsts,9369,high school,Female,29,28,25,28,27,2024,1
R_6diIqb2pjvE26Ka,2189,high school,Male,28,22,14,11,12,2024,3
R_2dQnHmHoLt9NILC,2858,high school,Male,30,30,22,20,16,2017,2
R_1BPiw6UXEYopune,5345,high school,Male,28,17,18,13,23,2023,3
R_3g1OvI40tlfijHP,18398,high school,Female,29,29,30,19,19,2021,2
R_2eXcNw9xWjGprKP,2267,high school,Female,30,29,23,12,11,2023,3
R_3NEQZfmWA9vLqlH,1498,high school,Male,30,27,23,13,11,2016,3
R_91ilYiUsI7g4aSg,1234,high school,Male,29,25,17,15,12,2025,3
R_A1IlynIRv2SAvw5,2843,high school,Female,30,28,26,12,9,2023,3
R_29083HBFif9eonT,1877,high school,Male,30,30,28,25,18,2022,2
R_1NsrvAYfCqjnNRj,2341,high school,Male,30,25,22,14,7,2023,3
R_27UVohVe1stSUbj,1774,high school,Male,28,27,28,6,4,2023,3
R_2qpGfzLwovpgUQ3,2364,high school,Female,30,29,24,22,12,2023,2
R_2t3gKOZFBKKcPm3,47658,high school,Male,30,29,29,30,27,2023,1
R_129EcwdnHkkCP4Y,2144,high school,Female,29,30,27,16,19,2022,2
R_9HJJFwFnhJMPz1v,10954,high school,Male,28,19,19,15,17,2020,3
R_ekOxreeuJ9rq4a5,2375,high school,Male,29,24,23,15,8,2023,3
R_4oSkGLmFLYuY0Pt,1788,high school,Female,25,26,25,29,26,2024,3
R_1NCBKXYL5a4VwS5,2353,high school,Female,30,27,19,13,8,2017,3
R_3lYRcmkbtIhKB3y,1689,high school,Female,27,25,20,14,11,2020,3
R_3HLz9LoZrawd3mS,2396,high school,Female,30,29,20,19,8,2017,2
R_7OpKIOxuy3tHclf,1340,high school,Male,30,29,27,18,11,2024,2
R_6xVrEkHJXLkWL8l,1144,high school,Male,30,29,28,24,18,2025,2
R_6yLDsOCvRH4tmHn,2221,high school,Male,28,29,22,16,15,2025,3
R_OjUW2KXEbqRCG8F,1127,high school,NA,30,30,29,27,26,2019,1
R_3PZfIsTvospkHWj,2809,high school,Female,30,28,25,18,10,2017,2
R_3kciytFwWOusXCC,3856,high school,Male,22,16,18,9,10,2023,4
R_OwMcESXxpk2kFl7,5817,high school,Male,28,23,10,10,9,2023,3
R_3fcvIzz0bbZh58Y,1958,high school,Male,30,29,25,17,23,2017,2
R_7Y9G5cXj4tvQtgd,1759,high school,Female,30,29,25,20,19,2025,2
R_4Hzb3e5XfD1e6nK,1210,high school,Male,30,29,30,30,26,2024,1
R_7TI4EYA0hFPHbRo,1935,high school,Male,28,21,12,10,9,2024,3
R_3ENd7Xi5xXOqVnX,2413,high school,Male,30,25,21,15,14,2023,3
R_4v4ZqTapp2qTGDf,1512,high school,Female,30,30,28,28,30,2024,1
R_21uLECSIOutMg7g,17818,high school,Female,30,28,27,26,16,2023,2
R_2qpKbvMNL6sapUW,1991,high school,Female,30,28,19,22,18,2019,2
R_4g1uUB3yXkHKGXZ,5954,high school,Female,28,20,23,15,6,2024,3
R_4PUj8sInn8ikx4F,1934,high school,Male,25,13,10,15,9,2025,4
R_3kq51M1ugHYrNrj,3570,high school,Female,30,30,17,14,6,2020,3
R_1OTEREr8FyzIkIN,2069,high school,Male,30,29,29,20,22,2018,2
R_29cTc9TIauuuTAR,2064,high school,Female,28,19,12,13,8,2023,3
R_2TNzsjRFIwfVtaX,1870,high school,Female,28,20,20,10,5,2019,3
R_3kwaKMU8vA7RkNy,1688,high school,Male,30,28,23,20,12,2019,2
R_2ygveZTbPZmC3Gm,1820,high school,Female,29,27,14,7,12,2022,3
R_1fZxf2eW4l8KTuL,2409,high school,Female,30,29,29,27,28,2020,1
R_1FFdEfVNMIBH4Wa,2258,high school,Male,30,28,24,16,17,2017,2
R_3kc8A51iTySwOK0,1259,high school,Female,30,30,29,29,26,2023,1
R_2AXdezg87xAZkNh,1477,high school,Male,30,24,26,15,2,2019,3
R_2tFMQqH4O212VDx,3978,high school,Female,30,29,30,26,27,2021,1
R_2TuXLHRikS8mUs3,1421,high school,Female,30,27,26,20,18,2017,2
R_336XbNjGlUEAxQR,2487,high school,Male,30,29,23,23,21,2021,2
R_3GcVFSKUDA3AUu1,14291,high school,Male,30,29,27,24,17,2021,2
R_2bZZ6UPvUtiVGYG,1047,high school,Female,30,30,28,26,23,2020,1
R_268rdoIG2PqxeJu,1273,high school,Female,30,23,24,15,9,2017,3
R_b2E8IqSlQsC9i0h,2220,high school,Male,29,28,27,24,21,2021,2
R_3wuLAsHRQT1EhfX,35969,high school,Female,30,26,22,21,11,2025,2
R_4dNotApBapl7u2e,1315,high school,Female,30,30,29,24,23,2024,1
R_1cZVV3DPq68xt9L,2322,high school,Male,28,29,23,19,10,2020,3
R_24OElsBkEdIL0TF,1919,high school,Female,30,26,20,9,5,2023,3
R_tL1Qq8nHdEhTkVX,1154,high school,Male,30,27,25,29,27,2022,2
R_3pPCCk5eEMe3Mdm,2123,high school,Male,30,30,30,30,30,2024,1
R_3nIcEzp3gpdyJV4,13142,high school,Male,30,30,26,24,16,2019,2
R_a9PECpNbQfxoGIN,2304,high school,Male,28,27,21,20,10,2021,3
R_3EThoXgIG6aYC3H,2143,high school,Male,29,21,16,6,6,2023,3
R_3QVES1D1Q5Hl2bo,1846,high school,Female,30,29,28,18,11,2017,2
R_3suVOaPZ6BuWnF6,1781,high school,Female,27,25,16,16,11,2023,3
R_123bXQRLfkOOJb1,1667,high school,Female,30,29,30,20,23,2023,2
R_oYwDOyN9PekaK9b,1320,high school,Female,28,22,19,8,6,2020,3
R_1OH5DxhoBunOaaT,26999,high school,Female,29,26,19,12,8,2020,3
R_TiPce8Ttb35b4D7,2356,high school,Male,27,20,11,12,8,2019,4
R_2VgsH6DEmZEKyID,1872,high school,Female,29,27,21,18,14,2017,3
R_12ohPu39eHWzAB9,1854,high school,Male,28,14,16,7,3,2023,4
R_32OZFEt991era3E,2285,high school,Female,29,21,17,16,7,2016,3
R_1GNy5ELKVMdNvc1,3213,high school,Female,30,29,29,28,30,2020,1
R_4QzUXnM8UMFD4Ef,2314,high school,Female,18,14,11,7,6,2024,4
R_2aFbH25kLDlDawp,808,high school,Male,30,30,29,30,29,2021,1
R_1QGgobynFa8pFuI,889,high school,Male,30,28,23,25,25,2023,2
R_2OHGrUu0ZKxYevE,1469,high school,Female,29,30,28,28,24,2020,1
R_RffMc6Rnwk5qYsV,4078,high school,NA,30,27,20,9,5,2020,3
R_bmdFeGAz0cdOPq9,1366,high school,Female,25,27,22,15,12,2019,3
R_3qjtx5RmOyvAcPt,3366,high school,Female,30,30,29,21,14,2023,2
R_50oYNKpUlhlJIzq,2011,high school,Female,30,30,30,28,27,2024,1
R_3sn32adGhPTWlU1,1851,high school,Female,30,29,25,23,17,2023,2
R_2z7RtvYKNPyhPwD,1145,high school,Female,30,26,23,21,20,2023,2
R_4qN4pZPaIw8LrW1,775,high school,Male,30,30,30,30,30,2024,1
R_2du89qNbmxyXRiR,2388,high school,Female,30,29,30,27,29,2017,1
R_1cUoJr047V7f89Y,2392,high school,Male,29,27,27,20,14,2020,2
R_74Mekg4eAMylzy0,4409,high school,Male,29,26,16,13,13,2024,3
R_cxdKWV9zIoyDqr7,2277,high school,Male,24,13,8,6,5,2019,4
R_svqkUZkY64XJUhb,1188,high school,Male,30,30,23,22,20,2017,2
R_4ysl8FBtwmbt26P,1092,high school,Male,29,26,28,30,28,2024,1
R_2uKwW80F6hGGHFe,3744,high school,Male,30,29,29,27,26,2023,1
R_1EasPNvQ74Odyax,1869,high school,Female,30,25,22,13,9,2019,3
R_869C8UiMsbqtcgp,1308,high school,Male,30,29,26,23,24,2023,2
R_4TGlDTJX8oc34ab,8350,high school,Female,26,23,22,11,8,2024,3
R_AAnnAqBBVzLLEoV,4325,high school,Female,30,25,29,26,24,2022,2
R_1cTYvDF9aHs72RR,815,high school,Female,24,14,4,2,6,2020,4
R_2SAkChNu3ZH8K30,2758,high school,Male,26,27,19,16,15,2023,3
R_py2zEi4KX2KCyU9,1861,high school,Female,29,30,28,26,20,2016,1
R_1pzjio8cfkMwqgz,2025,high school,Female,30,29,25,22,18,2023,2
R_7I5UBSWyyIniFuc,1018,high school,Male,30,26,20,11,6,2024,3
R_1e0KwyETPVgENfX,13601,high school,Male,29,30,29,25,18,2024,2
R_1DvVTymIxaMuVSm,2413,high school,Male,30,26,26,22,12,2016,2
R_vPNux7V2fmLkqQx,1847,high school,Male,29,20,10,11,9,2020,4
R_3n6FCnhUt0gjnoR,1454,high school,Female,30,30,29,25,25,2018,1
R_1CEgqpihKh3vP54,2123,high school,Female,30,30,26,25,17,2023,2
R_WicVGGrdNMb5gop,2329,high school,Female,30,24,17,17,10,2020,3
R_1GNysIQfjGqPdvH,4276,high school,Female,25,18,15,10,6,2021,4
R_20ZpsZFpU5BXsoU,1405,high school,Female,30,28,28,19,19,2020,2
R_1GByw8wAxnrmeIJ,1432,high school,Female,30,30,29,29,24,2021,1
R_3KwoiVeRZqBSt5m,1669,high school,Male,30,30,26,25,18,2019,2
R_3n1xC1zsoGCSrcp,973,high school,Male,26,25,20,20,23,2025,3
R_3EDU2kUqYO2qJaR,94397,high school,Female,28,20,26,23,18,2023,3
R_2gGrIkpAlo7tjhv,1811,high school,Female,28,27,21,16,14,2017,3
R_3EulFHlUOjd62US,2473,high school,Male,29,29,29,29,26,2021,1
R_9v5DlrJmes4X441,1728,high school,Male,30,26,28,23,21,2020,2
R_2woR5RxJ9274TlO,1854,high school,Male,29,28,23,16,10,2017,3
R_BEzCFXAXWwtcAHn,3879,high school,Female,29,27,19,9,11,2022,3
R_6gpXAltgq23hHwt,9420,high school,Female,30,29,29,28,30,2021,1
R_1gGQlDYOsK5eLqr,2072,high school,Male,30,24,24,15,14,2019,3
R_1eLxCBojm3dkbVX,3635,high school,Female,28,30,19,18,17,2021,3
R_2Vsfcu7PZ9C63P5,1449,high school,Female,30,30,27,26,20,2023,2
R_2X0AuagBGbNrK2L,1660,high school,Male,30,30,27,25,17,2018,2
R_2wKwmTG7dcsOz5X,1093,high school,Male,28,23,12,13,6,2023,3
R_1ONY7nzfTteWK6l,3486,high school,Female,30,27,24,18,11,2023,2
R_3KPDan4h2W6z0du,2401,high school,Female,30,30,17,28,15,2022,3
R_3CPEBnwZchhRUvc,2527,high school,Female,30,30,25,28,21,2016,2
R_Btci1qO0exMaaWZ,4066,high school,Male,26,20,14,11,4,2023,4
R_4itA4it673vIzCc,1999,high school,Female,29,30,23,19,12,2024,2
R_C1zLxeyq2hWgnvz,4668,high school,Female,30,28,29,27,30,2023,1
R_5hGJgoBsk0iAxwd,2452,high school,Female,27,25,20,12,7,2016,3
R_DUE07ChDdNZBkbf,1738,high school,Female,28,25,20,19,9,2016,3
R_1igNf88kEuHAQC8,1963,high school,Female,30,24,23,16,6,2019,3
R_4H1802uLhtrAACi,97928,high school,Male,25,18,13,18,13,2024,3
R_exGBIquXzu2vdvj,2499,high school,Female,30,30,29,28,24,2021,1
R_2BfYIkrSlVWVjj2,1583,high school,Female,28,22,19,14,13,2018,3
R_3NLhR06wwbX5ZE8,1971,high school,Female,30,27,29,24,14,2019,2
R_5nBkHrY6QEU1gBX,1754,high school,Male,30,25,22,16,8,2024,3
R_2BmUIV1jRIt6A1y,3228,high school,Female,29,30,29,28,30,2019,1
R_2CqdfGkNxQOWtNM,956,high school,Male,30,30,29,29,25,2021,1
R_2tJPF8ollazJ4QP,1263,high school,Male,30,29,28,25,20,2023,2
R_TaO0sTtWD2uXfaN,4105,high school,Male,30,29,25,30,30,2019,1
R_2CoYft6vc3FqWmQ,2743,high school,Female,30,30,24,25,21,2019,2
R_2TMdFkMEISTSJDC,2437,high school,Female,29,28,24,12,15,2023,3
R_1qb9xSZC3qRKAGj,45923,high school,Male,30,28,27,24,28,2023,1
R_1mz2r4tyLmtDNmo,4642,high school,Female,30,30,26,25,23,2023,2
R_302dSoUpDB5XBSA,1827,high school,Male,27,26,17,15,1,2022,3
R_2zNlpzev19fnEPe,2689,high school,Female,29,24,16,15,11,2018,3
R_2fCDhv1hnI3RKbX,1274,high school,Female,30,29,22,14,12,2023,2
R_1jHrrHeg6JfZ5II,7543,high school,Female,30,29,29,24,26,2020,1
R_9z9pbz7giun74KB,2025,high school,Female,30,28,29,25,21,2017,2
R_211lvBAPDDANAcL,5467,high school,Male,28,26,17,10,10,2019,3
R_4418TrizmI25cki,1801,high school,Female,30,30,30,24,18,2025,2
R_3IYaNmFu6aL4e1R,2279,high school,Female,30,26,17,16,12,2023,3
R_5dHQ61p129B3fOx,9508,high school,Female,28,26,23,15,7,2024,3
R_AAwGDrGNjriLNNT,2456,high school,Male,30,28,25,24,16,2019,2
R_273U2aphRxxtf4d,4061,high school,Female,29,24,24,16,15,2019,3
R_Ace4EjXgNdW3t7j,2919,high school,Female,30,29,24,19,9,2019,2
R_AbsRmeIeKCe6Uxz,2659,high school,Female,30,28,25,26,26,2021,2
R_0jGNCUtpLCJyrzX,1862,high school,Female,30,26,17,16,7,2019,3
R_4scSmt6ooAIgJqc,1210,high school,Female,30,30,30,30,29,2025,1
R_6qI6nMuYCP7HqRc,2400,high school,Male,28,24,29,14,16,2024,3
R_29blFDSeFB5znxC,1290,high school,Male,29,29,28,30,27,2020,1
R_es2OdAXmfQS2w1P,2666,high school,Male,29,29,21,18,17,2022,3
R_1is5Qmp7FB4tVLC,1918,high school,Female,30,29,29,23,20,2020,2
R_1LoHliLHQSLrV6E,1332,high school,Male,30,30,23,21,16,2019,2
R_rdTBmBOs7bLMvpD,2699,high school,Male,30,29,27,24,16,2023,2
R_3qrI44TONuPVmQk,1695,high school,Male,30,24,22,15,8,2018,3
R_4IbUd4m3XySvhQZ,1635,high school,Female,30,30,30,30,30,2024,1
R_25vdmoIOiozjzS7,18258,high school,Male,29,28,18,14,8,2021,3
R_4o1NrEIixVjzuES,1333,high school,Female,30,29,22,18,18,2024,2
R_1mzv2rWzw0A9uZX,1008,high school,Female,30,29,23,17,12,2023,2
R_OvwSMvvCOF5KOqd,1304,high school,Female,30,27,24,19,14,2019,2
R_1LbxGa7LdVJehCX,1985,high school,Female,30,29,24,17,14,2019,2
R_3MhaaDhFCyMaRXl,2254,high school,Male,29,26,20,18,19,2023,3
R_TdPvnEYkFItT66t,2526,high school,Female,30,27,23,14,9,2022,3
R_12cd7X8HP0MfIeS,4587,high school,Male,30,28,30,20,18,2019,2
R_3lJlozLho96rFJw,1183,high school,Female,30,30,28,24,26,2023,1
R_25yjE5ZOFNo45T3,4293,high school,Female,30,23,21,13,6,2023,3
R_5tArj9xKXgdadJr,1716,high school,Female,30,29,29,26,24,2016,1
R_RqzIIJ9UlBYeZ6F,1918,high school,Male,29,24,17,10,8,2023,3
R_diZRwnIpUOXQfAd,2005,high school,Female,30,26,20,15,11,2017,3
R_2Y9AmdgXkiYRoSJ,1176,high school,Male,30,27,27,22,22,2023,2
R_1OqXekZ6qR44xfO,1949,high school,Male,30,30,29,26,23,2017,1
R_4Uxa73Xayma9g4R,2316,high school,Male,30,27,23,18,7,2017,2
R_3EWo8tCw5fA1uQI,2290,high school,Male,30,28,29,22,18,2019,2
R_26bDFzpBzd0nSwa,1175,high school,Male,30,30,29,29,30,2023,1
R_6FQvqYg9npmZChj,1459,high school,Female,29,25,14,13,9,2020,3
R_rj8xpxsbAF324bT,1606,high school,Male,29,24,21,16,16,2020,3
R_1rNY5BkuPcg38mM,1777,high school,Female,30,22,17,9,9,2022,3
R_1roeEqRRaFJYDmc,31748,high school,Female,30,30,24,18,8,2021,2
R_1jpNMi4F0a1qj9k,3494,high school,Female,28,25,24,13,11,2020,3
R_2S7Y47SHeDGcCY1,2189,high school,Male,30,26,12,16,6,2016,3
R_yC2MPriRbZ81NHX,2130,high school,Male,28,24,18,6,8,2023,3
R_3rPJ8WDvwEoEni9,2518,high school,Male,30,26,29,27,24,2022,1
R_4yeJsgdEyokY0zn,6430,high school,Female,29,25,25,18,11,2025,3
R_1BOWyBkYi00HgFP,1528,high school,Male,29,27,21,12,10,2019,3
R_3KHq9pqVS91fpun,1079,high school,Male,30,29,29,29,26,2021,1
R_9aQ2y2JyR7kA4jG,13339,high school,Female,27,30,25,17,11,2025,3
R_2YzX7bbUSeVCjjx,1892,high school,Male,22,21,21,11,12,2023,4
R_ekucV8wI1druZgt,1605,high school,Female,29,29,22,17,13,2017,3
R_1GmCXQp4DUOtoSl,1894,high school,Female,29,26,23,22,20,2024,3
R_22qOSZiDH7lmZFw,2209,high school,Female,27,29,20,10,3,2023,3
R_tRnTzKNsIRoV2Kd,2887,high school,Male,30,25,14,12,5,2016,3
R_O1MAmOX0Eme0JHz,2842,high school,Female,28,18,16,9,3,2019,4
R_2fk5BGpsOr6WET4,1354,high school,Female,30,30,27,16,16,2020,2
R_2cqm2FGwtTnLA69,1436,high school,Female,30,26,20,29,25,2023,2
R_ByRCwTRtjUPh1PH,1543,high school,Male,30,28,25,22,16,2022,2
R_1MYVWKiSeB2gQYF,130454,high school,Female,30,30,30,29,29,2017,1
R_Ulis2BYFlRHb1oR,1801,high school,Male,7,24,17,12,9,2023,4
R_1oGTVQUzXUzynTE,3404,high school,Male,30,26,27,23,19,2017,2
R_2tnWNFkGvei6PPt,1565,high school,Female,30,29,27,23,22,2020,2
R_2YPMW7QDdlsqREH,9281,high school,Female,30,24,22,15,9,2021,3
R_3JaDjsNLoLnMyVD,1440,high school,Female,28,27,23,17,15,2016,3
R_32RdbKLMaokvJtI,2111,high school,Female,30,30,27,22,17,2017,2
R_4zjDbK6c1yVk2PL,1155,high school,Female,16,9,4,5,12,2024,4
R_6259k7obeYY54le,2198,high school,Female,30,30,27,26,24,2025,1
R_XzB21jfUcOi7LJT,2671,high school,Female,29,26,27,23,19,2023,2
R_DuBfmhrvwm0r5Pb,1607,high school,Male,28,22,17,16,15,2019,3
R_3JmZhORboVxrS0G,2570,high school,Female,29,18,17,13,13,2023,3
R_2BxqM7QDHA4eigA,2419,high school,Female,30,29,26,20,14,2019,2
R_2ZChZa4n3AT5z8L,115326,high school,Male,29,28,23,13,13,2022,3
R_20khTCgI0Mou7VV,1949,high school,Female,29,25,20,15,7,2024,3
R_1i2sM115VAimPWe,2043,high school,Male,27,21,12,12,13,2021,3
R_2gGn7MZFvDMH7dT,2695,high school,Male,22,11,7,4,4,2023,4
R_44H6ac7YxvZfdjb,3085,high school,Male,30,29,28,23,17,2025,2
R_1g6guKgYyDXvvyu,5498,high school,Female,30,30,27,28,28,2019,1
R_yyJjeg9suvuS5Pz,2326,high school,Male,30,29,24,24,22,2018,2
R_30vZX4T4JvcYv6J,4767,high school,Male,30,30,28,21,20,2024,2
R_6KfINiG1ijyjK6N,1603,high school,Male,30,30,30,26,23,2017,1
R_1Fa23CTzlWqxF2g,161727,high school,Male,30,28,28,24,23,2022,2
R_Wrl7TTbp4KjQxUd,2071,high school,Female,30,28,27,26,17,2021,2
R_sj6yelAZ28tDXsl,2722,high school,Female,28,28,22,17,11,2019,3
R_2RPpzD9yQRmYeSM,2059,high school,Female,29,22,12,11,8,2020,3
R_2wMIX1fwZwE3pZe,1254,high school,Female,30,30,27,28,28,2021,1
R_1CKlYRXd6KwXHZz,2551,high school,Female,29,19,10,10,9,2016,4
R_8CxLokJLtyixTVf,1620,high school,Female,30,29,29,27,28,2017,1
R_2DN92jO35vmVkIC,2473,high school,Female,29,28,23,20,14,2019,2
R_2TAIY54bAzbzhcg,2408,high school,Male,29,25,20,13,9,2017,3
R_42lovo1blwpK5FA,2771,high school,Female,30,30,30,24,28,2024,1
R_25TOJ9Zu6aq0XV4,2709,high school,Female,30,27,17,16,14,2021,3
R_WqbtRJwmy6flswF,2328,high school,Male,29,27,24,23,16,2019,2
R_3MJP0bGWKKaczDg,2291,high school,Female,27,21,16,11,6,2022,3
R_1dbkWfbfBI0E6RR,2355,high school,Male,30,20,17,10,8,2023,3
R_1exbAI9ze1VbZTY,5876,high school,Female,30,27,27,25,13,2017,2
R_2DXIBOCags2wWN7,1634,high school,Male,28,24,18,14,4,2020,3
R_295qKCW2eDPG1kl,1652,high school,Male,30,22,11,7,7,2018,4
R_3GC9BkppFspImvm,787,high school,Male,30,30,30,30,30,2019,1
R_27DVfduZT0SVj6q,2315,high school,Female,30,28,21,16,11,2016,2
R_2t9eSISrIjoEbE4,1973,high school,Male,26,20,18,13,10,2023,3
R_32XaAi49wlgIsuZ,82809,high school,Male,29,28,21,11,11,2022,3
R_4DvwQk3evjtGgJF,1714,high school,Female,28,23,28,27,27,2024,3
R_4H14BXbzSMPtJEc,5744,high school,Female,30,27,26,19,14,2024,2
R_2ASBKSiew5U9KS9,1856,high school,Male,23,15,9,8,4,2023,4
R_AA1vUdZngkFZVVn,15528,high school,Female,29,28,28,17,16,2021,2
R_2Vdq99FD1w9BesI,1732,high school,Male,30,29,23,19,18,2022,2
R_1n9DfpnA5jkTXbo,2070,high school,Female,28,24,14,8,5,2023,3
R_4PtYmugj9mdTJVl,1476,high school,Female,30,27,20,12,15,2023,3
R_3q8oXLGnj2R7y6i,1446,high school,Male,30,30,29,22,24,2021,2
R_2aEvkviqcujaiEU,2855,high school,Female,29,28,28,24,20,2019,2
R_4JfzpnoKHO1ZEFH,2030,high school,Female,30,28,19,18,17,2019,2
R_7fEojCz5Bd52Q1z,1882,high school,Female,28,16,17,14,6,2025,3
R_10vzH8GzlTetdYz,1768,high school,Male,29,26,17,16,9,2022,3
R_2RWBhZYbJqkYipu,2372,high school,Male,30,24,16,17,15,2020,3
R_BXFXxO5xHcw9Lu9,1811,high school,Female,28,29,28,23,12,2023,3
R_3Pvi9wXXDfjBoIC,1609,high school,Male,25,15,4,2,5,2018,4
R_322wTYEhihg9uvl,2176,high school,Male,30,22,17,11,3,2023,3
R_32X98G480F7iOMM,8721,high school,Male,28,26,25,25,19,2017,3
R_246FlRu0Yzb56qn,1553,high school,Female,27,25,18,14,9,2023,3
R_115hIm1OANnhhgh,1158,high school,Female,30,29,29,27,20,2017,1
R_3qCJPTGB7v8Z2VC,1429,high school,Female,30,24,14,13,12,2017,3
R_2vbHN9rAOoGzYos,1775,high school,Male,30,30,30,27,20,2018,1
R_4rP3iuYrkm1JGg1,1469,high school,Female,30,30,29,29,22,2024,1
R_41ZRCszaQ4lhhqh,1502,high school,Female,30,29,26,21,16,2024,2
R_1dpeKugd5jtk6uX,1522,high school,Male,29,29,30,30,27,2023,1
R_1mQW9VeUiLQ2tD5,163154,high school,Female,30,27,29,29,20,2020,1
R_YaJKxiQ0GNsMupX,1800,high school,Male,30,28,20,20,18,2018,2
R_5G6waAhAKCy8xRc,1109,high school,Female,29,24,20,18,10,2025,3
R_45vdZ4qOt7QXklP,1842,high school,Female,28,27,20,18,7,2024,3
R_2WvWHZ47nx3C57Q,4615,high school,Male,29,30,30,30,29,2023,1
R_1NFIaeqlBh3sJFt,1298,high school,Male,28,11,6,6,9,2021,4
R_2b2lzdgPDfprMzD,4244,high school,Male,30,27,24,17,12,2022,2
R_12a1UdiEJFblWpx,2581,high school,Male,30,26,21,17,10,2019,3
R_3EXPr7p7jnInXnA,2063,high school,Female,30,28,22,17,10,2023,2
R_AiYO987TmE3Zqs9,4524,high school,Male,30,24,11,30,29,2023,3
R_4Gg03WW0TemMjHy,1190,high school,Male,24,16,4,6,3,2024,4
R_1rBJxrjgBlPB38a,1877,high school,Female,29,24,19,17,14,2018,3
R_4G2Q6yWMbbMeaLn,2701,high school,Male,28,25,10,13,9,2024,3
R_1lt8NLZ2SR1j7OX,1202,high school,Male,30,29,23,15,10,2019,2
R_1OYWn5C1rcTGgg5,3950,high school,Female,29,24,25,16,7,2019,3
R_4cy2DJN3HvaosQV,2042,high school,Female,29,28,23,15,15,2024,3
R_4N8U05QGhCz36fL,69208,high school,Male,30,25,26,30,26,2024,2
R_1hL0vAAMji5qZsj,1333,high school,Female,30,27,26,19,15,2017,2
R_31ZaDxe3M9ka5JP,1159,high school,Male,28,28,27,30,28,2023,1
R_43Qqbp7UpsmPF5L,2277,high school,Female,29,23,26,14,6,2025,3
R_2Sw9boir0audICY,2987,high school,Female,29,27,20,20,20,2023,3
R_1CI8tCqzkbNFLbD,28245,high school,Male,30,29,27,27,24,2023,1
R_1GZaALuk204cZFT,1420,high school,Male,30,27,21,18,13,2019,2
R_2gNKGDdctO32fDj,1476,high school,Male,29,25,27,8,19,2024,3
R_2e99z3CnORAQdeD,1040,high school,Male,30,30,30,29,30,2018,1
R_2dEfIxpzvlui1Rm,2068,high school,Female,29,30,26,18,8,2020,3
R_UWmFAYuY9vA2ySR,3089,high school,Female,27,27,22,30,25,2019,3
R_1daldOg3xPHIV7P,1128,high school,Female,30,30,30,29,26,2021,1
R_3knUGpebIEda7jy,4228,high school,Female,30,29,27,26,18,2020,2
R_1Dwk69mK8Xojjbo,3688,high school,Female,30,30,29,26,18,2019,2
R_25Z1oAZDg69jGPW,2611,high school,Female,30,28,29,24,21,2017,2
R_3Kwm7LV8kX4sf0Z,2373,high school,Male,30,19,13,15,11,2019,3
R_3MAxonI5BrFhvR9,1264,high school,Female,30,30,30,29,26,2020,1
R_2rHs3HUPdbNxRIK,978,high school,Female,28,26,26,26,24,2023,3
R_3qmJ9tIAbAmwvbe,1352,high school,Male,29,26,28,28,27,2018,1
R_2z87ZyNHUr9smCx,1410,high school,Male,30,30,30,26,27,2021,1
R_ThjMsKKzP1jHrJT,3426,high school,Female,30,20,18,14,15,2023,3
R_1N85wJt91wSABzJ,100911,high school,Female,22,13,10,12,4,2020,4
R_2aQS2XDirgX6qu5,1647,high school,Male,29,30,22,19,20,2023,2
R_9HRLGPKRD2N8CTX,6678,high school,Female,30,29,23,21,22,2025,2
R_2U3dUSFQi19QoX3,23672,high school,Male,30,30,29,29,25,2020,1
R_9JxfxIptQy7aVLT,1478,high school,Male,22,11,8,6,12,2025,4
R_2ByfMh71aSJ3L4R,2368,high school,Female,29,26,21,20,13,2023,3
R_3hH1J6gxNJVD1fS,1317,high school,Male,30,30,30,29,25,2021,1
R_9OuV5mB9UNxWdcx,7555,high school,Female,30,29,28,26,21,2025,1
R_7innLNCfFqaOqQ1,21445,high school,Male,28,25,25,3,2,2025,3
R_1kLLemS7fmaHTCR,2148,high school,Female,30,30,24,19,17,2017,2
R_3HvHF5I8YDWXDGA,8094,high school,Male,30,27,24,17,13,2023,2
R_1oI7UoZDE8VRHBR,2730,high school,Male,29,29,18,19,18,2021,3
R_92AwFxx1Bwz7UdL,1387,high school,Female,29,26,13,6,5,2025,3
R_3Eo44GAaVZxWp3o,2246,high school,Female,30,24,14,6,9,2019,3
R_4mk4uNF6I2mGvao,2487,high school,Female,30,22,18,7,10,2024,3
R_0dJcaH5ZY4W2deV,1750,high school,Male,30,29,21,12,10,2018,3
R_3juG6lfNanCzDup,2181,high school,Female,30,28,25,22,13,2019,2
R_3nCb0JbYchlKjlB,1919,high school,Male,29,25,23,19,13,2019,3
R_3Kq2JuAodwLlwxZ,28275,high school,Female,27,21,21,17,20,2022,3
R_2Ui7jfd7lFnKpa1,2311,high school,Female,30,29,28,17,11,2019,2
R_3h0zQIbCZqYj9go,2536,high school,Male,28,23,19,13,8,2023,3
R_8qOnGAOPLyjO52N,1827,high school,Female,30,25,20,19,10,2019,3
R_3ERmVFmXk3f3bTQ,1249,high school,Female,30,30,23,17,18,2017,2
R_1NEnTnWRVMRoDTd,1706,high school,Female,30,25,26,14,12,2018,3
R_3Ei4hmdLxnNmuIK,2356,high school,Female,30,28,25,26,15,2020,2
R_3kiffJUwGFRqRwq,1728,high school,Female,30,26,28,17,17,2020,2
R_31oPLG7Ws602Tjh,4926,high school,Female,29,20,12,11,10,2020,3
R_blsZHbWMJwjbU65,2056,high school,Female,29,26,27,23,15,2021,2
R_302a18YJEZgMoq6,1923,high school,Female,30,30,28,22,19,2023,2
R_Xk7W1suqpTp2ERb,2346,high school,Female,30,28,25,17,18,2019,2
R_uvS4AsBVAzQKVnr,1242,high school,Female,30,30,29,25,29,2023,1
R_3exJApWwyzH4CgI,3783,high school,Female,26,21,17,5,9,2023,4
R_4CxjQRPqKSXZQQu,2089,high school,Female,29,28,15,7,8,2024,3
R_4SrwM7f4MDUbuFP,12953,high school,Female,27,18,13,15,8,2024,3
R_3rO1eroSM9IWRQg,1076,high school,Female,17,11,6,3,3,2023,4
R_2UXDITZydoH9Xhh,1713,high school,Female,30,28,25,19,13,2018,2
R_3DjxxW4CdPuzHM9,1697,high school,Female,30,29,27,25,28,2020,1
R_QlUn6thuvN2WYM1,3808,high school,Male,30,22,17,13,7,2023,3
R_3exY2ucawYw5HGM,1455,high school,Female,29,28,22,19,10,2020,3
R_vf2vMeSOI2GN85z,1878,high school,Female,30,27,26,21,10,2017,2
R_TpAiMuvYATthG5b,1951,high school,Male,30,25,17,15,4,2016,3
R_3VFVW7yww1bPJsd,2533,high school,Male,29,27,27,27,30,2023,1
R_8G4fO14pPUAArrr,2923,high school,Female,29,28,27,25,16,2020,2
R_2cu7Y3tvSRmNU9a,19666,high school,Female,30,28,29,18,17,2022,2
R_2E75AJEB9HUqA3U,2614,high school,Male,30,27,28,22,17,2022,2
R_1FM8N1l591RiAzf,2971,high school,Female,29,17,7,7,8,2019,4
R_2Ph66Vh6333owqz,3249,high school,Female,30,29,27,22,20,2018,2
R_1QioAdQKZFE9txn,2064,high school,Male,28,30,23,23,19,2022,3
R_2OZuwj3O2LtLkUx,172007,high school,Male,30,28,20,17,12,2023,3
R_Ok9lku2wnnjWJ6p,2507,high school,Male,29,29,25,3,5,2023,3
R_ZJYhBeuhtmd62bf,3025,high school,Female,30,29,30,29,27,2019,1
R_2UWvRz1xnTkgSJe,1739,high school,Male,30,28,18,12,4,2017,3
R_5GBypcr8sX5ynFq,2673,high school,Female,30,26,25,23,10,2024,2
R_3PiuZfm7CNURP70,168696,high school,Female,29,22,17,15,11,2017,3
R_1Gy18FAUa9KK0tU,1596,high school,Female,29,29,28,27,25,2021,1
R_Dpzq1GBDhMKguAh,2268,high school,Female,30,27,20,19,8,2019,3
R_1Yb8hBJdzQSezxH,1831,high school,Male,17,5,6,3,5,2024,4
R_1oI6OmrYwE5MVr1,53412,high school,Female,30,30,29,29,27,2019,1
R_1o7LoacpyLenFdk,4712,high school,Male,30,30,18,30,25,2018,2
R_2eUQOdZ48Dr0RJJ,9606,high school,Female,24,13,12,13,5,2021,4
R_6or01zwlzACatRT,1617,high school,Female,30,29,25,17,12,2016,2
R_99jOMQJpfWpcwZr,7500,high school,Female,29,27,28,4,4,2025,3
R_3lPR3bQjxZkpBdU,4554,high school,Female,30,29,22,16,9,2022,2
R_7n19TYtj9szz1lV,1448,high school,Female,28,29,19,14,10,2024,3
R_3J3LbWpJK3s10Ei,93144,high school,Male,30,4,7,6,1,2023,4
R_1r9viELWpR5LZuz,2068,high school,Male,30,26,23,18,13,2017,2
R_4cyAEQNQitE0H61,3409,high school,Male,30,28,23,24,25,2024,2
R_4F532UE9P7lyNtV,2105,high school,Female,30,29,29,27,23,2025,1
R_2tul1QsIAataNeh,1183,high school,Male,30,30,29,26,25,2020,1
R_zYlefkc0GvOxXIl,1564,high school,Female,29,22,18,18,15,2019,3
R_3jUuC5flcXc8a0J,5081,high school,Female,30,29,21,19,12,2023,2
R_XjskiV28pM754c1,2029,high school,Male,27,22,16,8,4,2023,3
R_erp9wlLUiW4O6mB,1213,high school,Female,29,26,24,16,6,2023,3
R_25sAXQ9GOkHpPV4,1995,high school,Male,30,28,25,19,22,2023,2
R_1cRLmmcaD790ZOm,2916,high school,Female,30,30,30,19,8,2020,2
R_3DeBiO0VOHp8VQd,3651,high school,Male,30,26,22,16,14,2019,3
R_4KwP1cgw6ar9eGi,1127,high school,Male,19,15,7,15,14,2024,4
R_246uqIKFGAX5kHi,1736,high school,Male,30,29,29,28,29,2020,1
R_3kq5mRij4l1Df1x,12112,high school,Male,29,28,30,25,21,2016,1
R_2Qtaa7ynh57MuYv,126690,high school,Female,30,30,28,28,24,2021,1
R_RsGEWylFqmohnot,2090,high school,Female,23,14,12,6,6,2022,4
R_1HdBR27znYaLm6b,1564,high school,Female,28,30,26,21,15,2016,3
R_12r1Sae8rvCUnjA,2505,high school,Male,30,20,16,8,4,2020,3
R_1kIy0Em2w02TMUA,1883,high school,Female,29,29,23,24,13,2019,2
R_1Cga35iGM2aWYpA,93394,high school,Female,30,27,20,18,16,2016,2
R_3etpOSZk9UGYpEa,2360,high school,Male,30,28,27,25,26,2018,1
R_1FbnY8mGkcGIYtu,1554,high school,Female,29,28,22,26,26,2019,2
R_2Eiqn2IaIPlh94L,1653,high school,Female,29,20,20,13,8,2023,3
R_3G6yMmDNWzqXjna,2153,high school,Female,30,30,27,21,20,2023,2
R_215SJf9vXmqyYAR,949,high school,Female,30,30,30,29,30,2023,1
R_1Lil0LWarRvk9TI,3600,high school,Female,30,30,24,20,14,2023,2
R_2V9ko2ceoBzuuQZ,781,high school,Male,28,29,29,30,29,2023,1
R_2VdmMQVWfkNaBAV,1495,high school,Male,29,29,29,24,23,2021,1
R_1rPnGmBE0douRKt,2485,high school,Male,30,28,27,27,19,2022,2
R_2CkdS53uhmTo86o,3467,high school,Male,30,27,20,17,13,2016,3
R_eaMGxtFDqsUW4OB,1186,high school,Male,30,30,27,23,23,2023,2
R_41hZmEFA0uIuJNq,20224,high school,Male,29,29,19,21,15,2024,3
R_9l4ZUO6ss1YH4mg,1619,high school,Female,30,30,28,30,26,2025,1
R_9uEQa1k2ndG04Eh,2459,high school,Male,28,26,23,14,4,2025,3
R_67qZfWNFH3D1WLK,1013,high school,Male,30,30,29,30,29,2025,1
R_3kcsr1DoXKbS4NE,1998,high school,Female,30,29,25,18,18,2018,2
R_5wbJow2nYlnRK1y,828,high school,Male,30,30,30,30,30,2024,1
R_AFkOMdJOLP3ACL7,3207,high school,Male,30,18,13,5,9,2020,4
R_3nIfWnsZzhFJmK0,2384,high school,Female,28,26,25,24,10,2022,3
R_1hQ4ivyj7vWI1nP,1838,high school,Female,29,29,26,22,26,2023,2
R_3HLExFXX8YvyILb,2507,high school,Female,29,24,23,21,14,2019,3
R_paQZxkZXOaEuzTP,2551,high school,Female,29,18,11,5,6,2019,4
R_30cy3GCIZnMWv6C,2023,high school,Male,30,29,26,18,12,2018,2
R_1C4krIqzXhZxuzr,1199,high school,Female,30,29,29,29,30,2018,1
R_OIn7w4QzOJg5g41,1321,high school,Male,30,30,29,30,30,2022,1
R_AHb2hdSSYZDELWp,2368,high school,Male,30,30,30,30,28,2020,1
R_4RUjwVtQ8JZHW37,1453,high school,Male,30,29,30,30,30,2023,1
R_3kIjmG36stVjnHl,1431,high school,Female,30,29,28,23,18,2023,2
R_4JutgGfk3Igf8I1,2586,high school,Female,29,18,8,11,8,2025,4
R_1DFHHjIZEMYrmDy,3133,high school,Female,27,28,25,21,12,2018,3
R_3DtPk3SG76h5Ma6,2278,high school,Male,27,25,22,23,19,2019,3
R_3h6GCDVlp8TrP13,2493,high school,Female,30,27,19,12,6,2023,3
R_4LwJZzrF5BqOlfi,7611,high school,Female,29,28,23,14,9,2025,3
R_1OTZfEs9hGaYq6M,1684,high school,Male,25,21,19,28,25,2023,3
R_pRZen4BlPpfMUtb,2770,high school,Male,30,27,22,24,19,2022,2
R_7c0hvIMApoe9r6k,2564,high school,Male,30,29,25,28,20,2024,2
R_1NyuqLDUBDKUfpq,1624,high school,Female,28,25,15,20,19,2019,3
R_78pt8B1euuixhmh,1157,high school,Female,29,26,13,7,8,2023,3
R_3HRcTVceY2grIT2,2230,high school,Male,29,30,21,20,17,2017,2
R_OeOxCzboEyKrzWh,3129,high school,Male,30,23,20,9,8,2020,3
R_1DOn9wTGRYZm75i,2517,high school,Female,29,28,21,10,10,2023,3
R_12Sezro0iUfLu6O,2774,high school,Female,29,28,21,16,13,2019,3
R_3DjDaLfbNqUoNrg,972,high school,Male,30,30,29,29,26,2023,1
R_1d6njtFamq9VwA4,5072,high school,Male,29,29,28,25,27,2023,1
R_6GeSDlagi88k6gV,72882,high school,Female,30,27,23,15,16,2024,2
R_3komqrMlldUC2FA,2426,high school,Female,30,26,25,22,23,2021,2
R_10ABFvjnGrDmYAG,2193,high school,Male,27,25,25,18,19,2016,3
R_2QzhhELmNlHTqvB,1019,high school,Female,30,28,26,21,25,2023,2
R_1SpM0aRrSjGhRAJ,1106,high school,Female,28,27,20,8,12,2024,3
R_4QAN8LVHyUbJgKE,796,high school,Male,30,26,22,25,23,2024,2
R_4LU1v22SaHkApx5,3167,high school,Female,18,19,9,4,5,2024,4
R_42JBXDDvSLWkmF7,5443,high school,Female,30,27,23,10,10,2024,3
R_162bLr8AC9dD7ep,1042,high school,Male,30,23,18,27,27,2025,3
R_79BuCmPlS1AIQs9,2748,high school,Male,28,12,7,9,3,2019,4
R_2dsdyptHC5Ic9Jv,1215,high school,Female,29,29,29,29,27,2020,1
R_1jUrAE0jU17pljR,4850,high school,Female,30,22,18,12,5,2020,3
R_2ZV8LskY2LLvTal,1189,high school,Male,30,26,21,19,20,2023,2
R_3ER4vPpKWt7kE0S,2444,high school,Female,30,27,13,11,14,2023,3
R_1dy3NENRmqzGrjd,1767,high school,Female,30,26,30,26,21,2022,2
R_3lS9xHKQoHQ6XW2,1886,high school,Male,30,23,18,10,7,2017,3
R_XOqhynBlji2uIHn,1888,high school,Male,28,26,13,12,8,2020,3
R_Cg1gWWku8CvmuXv,7489,high school,Female,30,30,29,28,23,2019,1
R_2RXoSQjWvSa0V51,3834,high school,Female,30,29,26,21,25,2019,2
R_eJog4mYkDnHWhTr,1428,high school,Male,29,27,30,27,23,2021,1
R_swolUBYui7w3DWN,2552,high school,Female,30,29,21,21,7,2019,2
R_277QrVWlxxlaleS,1435,high school,Female,30,30,25,20,24,2022,2
R_25sEq7KDT3mFiu1,1472,high school,Male,30,27,26,17,16,2018,2
R_3pgxZJdXkBMppPf,2095,high school,Female,30,29,28,24,22,2023,2
R_1Ks4IAE9iVTu3QP,1639,high school,Female,30,30,28,26,12,2021,2
R_4UBQMTHt93ZBcWJ,1757,high school,Male,30,30,27,23,25,2021,2
R_7N5lOIFpVflpu01,3988,high school,Female,29,28,25,25,26,2024,2
R_2SoxIx9jnSTy8WY,1589,high school,Female,30,30,27,17,14,2023,2
R_yvGSRsNpU45H4KB,1758,high school,Male,30,29,25,17,20,2017,2
R_3oFykCvJpX1YxGN,7915,high school,Male,28,24,22,14,16,2018,3
R_4dM1k6GTD9QGu1e,12271,high school,Female,26,21,20,21,14,2024,3
R_1FgCEG9rWMLqK88,2934,high school,Female,28,28,29,27,21,2023,1
R_1P6LuFiTIOG0ReD,1908,high school,Male,29,28,21,19,13,2017,3
R_3Eg9BGnTS6eaVLW,1614,high school,NA,30,27,23,19,14,2020,2
R_1sjgDWhThkuMRNY,1694,high school,Female,29,29,27,25,28,2025,1
R_2tx9ueyDWJGUDU9,995,high school,Male,30,28,20,20,24,2022,2
R_6rulFWByBusj2g6,1850,high school,Male,29,26,20,14,14,2025,3
R_4bNRQQuW7hIdkyd,2400,high school,Male,30,21,21,8,7,2024,3
R_1Qo9i1NHu7NViAW,2281,high school,Female,30,25,17,20,13,2017,3
R_2pSiawz4U1cvVAg,1779,high school,Male,30,30,28,22,15,2018,2
R_3sgZfhDbmDTf8GG,2533,high school,Female,27,27,27,6,3,2022,3
R_30dZ6qn5SkEluzr,1400,high school,Female,29,29,28,30,25,2023,1
R_6TbH9CtVtCEP0M9,4215,high school,Male,30,29,29,25,25,2024,1
R_4NJoNIBFBFK62Kl,2312,high school,Male,29,30,25,18,18,2024,2
R_4Eb55OODAUwVf3T,91973,high school,NA,5,7,6,6,5,2024,4
R_2Y54FCUFWOgbR5j,1646,high school,Female,30,16,7,7,6,2021,4
R_3dWeQF3vD0W6coZ,1823,high school,Male,27,13,6,8,7,2023,4
R_2CD2bVBRGlRQYmt,1907,high school,Male,30,28,23,21,15,2019,2
R_1daHgZ8fnTFDHwU,1765,high school,Female,29,28,27,20,23,2023,2
R_40hI9eZqDuOUpMJ,89187,high school,Male,25,26,9,3,8,2024,4
R_1PT3KK0jNrX0eHL,2216,high school,Male,30,30,30,27,30,2023,1
R_1eLdcysDlutCZYz,1250,high school,Female,30,29,28,22,19,2021,2
R_4zehHOVvb5thKTV,1872,high school,Female,30,27,23,13,7,2024,3
R_1Los4ku4hdv8bJM,81671,university,Female,23,13,10,10,8,2023,4
R_2wLEpND9FGKKBGI,2680,university,Female,30,29,25,21,19,2022,2
R_8SGPfbctm1G3uFY,1169,university,Male,30,30,30,29,28,2025,1
R_2wjbxeHtW1BsH31,1642,university,Male,30,30,29,29,28,2021,1
R_2QtuQGmKwkOtyoY,1961,university,Female,30,25,26,29,23,2023,2
R_3n7oS8pRObSXrTb,68877,university,Male,19,3,1,4,6,2023,4
R_2dtNjesH37ogv3F,135445,university,Female,30,30,29,27,29,2020,1
R_1dEa48zmRwxXT2k,30784,university,Female,30,28,25,20,22,2020,2
R_3KCIBU9vgGinWmK,689,university,Female,30,30,30,30,30,2023,1
R_1LhR0VM399c9yAF,1371,university,Female,30,29,30,29,29,2016,1
R_2SBjyj9bac2bni6,2331,university,Female,30,29,30,18,19,2023,2
R_3n2YxnXyX4RBHx4,2579,university,Female,27,22,16,14,25,2023,3
R_3LduadnDTOL3SBC,3047,university,Female,30,28,29,27,25,2022,1
R_3e2hLvIPkjg7rMW,2575,university,Female,29,27,27,28,27,2020,1
R_w7gx6fwQlA5KCu5,816,university,Female,18,11,7,5,3,2023,4
R_3QR9kwu1A6EEVHP,1389,university,Male,30,27,30,30,20,2022,1
R_D2hlRzBIyzFWMAp,2644,university,Male,30,30,30,27,25,2020,1
R_40B2EOb9qMoHTv4,1962,university,Male,27,27,23,29,27,2025,3
R_2WDqHAlOZTiDcW2,2021,university,Female,30,27,19,14,8,2023,3
R_2qfyBwM1tHqMeqP,2369,university,Male,30,30,30,27,30,2021,1
R_3elssUSKkHoMPpI,76405,university,Female,29,25,13,4,4,2021,3
R_4VdqeZ5ZvYDvAy6,3441,university,Female,28,28,27,21,15,2024,3
R_1Dr2zzHOvRa7jDe,2018,university,Female,30,30,30,26,16,2020,2
R_3R3Hr0orPRi3XGk,1762,university,Female,30,26,22,15,5,2022,3
R_2rITiRiAUFu5o9O,13620,university,Male,30,29,29,27,21,2023,1
R_2V92TZHydNcHUMX,2905,university,Male,30,30,25,16,10,2021,2
R_2EglG4p08PQFpiJ,1528,university,Male,30,30,25,24,16,2022,2
R_3j8tLwAfvkWIbga,85509,university,Female,30,29,26,27,30,2019,1
R_1LLOozbiVvKQoN6,23199,university,Female,30,27,24,28,26,2020,2
R_3wHmcStp88s8LNG,1122,university,Female,30,27,17,13,8,2025,3
R_ALMRSgmtzCRGY49,2938,university,Male,30,29,28,22,16,2020,2
R_1QK5ePTtcq4yVa7,1853,university,Male,30,30,30,30,30,2017,1
R_1CqB7gVBzEJSfp9,1870,university,Male,28,23,11,10,3,2021,3
R_2EGBjbkZqRxHw76,1770,university,Female,30,28,26,28,27,2024,1
R_2Sw6QvXS6b4ADPO,2411,university,Female,30,26,23,25,16,2019,2
R_3MRJDkJVbQAhhX0,1254,university,Male,30,30,30,30,27,2023,1
R_2w0UtpfPW4254Bj,1831,university,Female,30,30,27,25,19,2025,2
R_32WsbY0Ww8zCYVd,2140,university,Female,30,26,22,17,15,2019,3
R_9f9LPvJbl6fr8j2,1238,university,Female,29,30,27,23,24,2025,1
R_3PYThuGXMiCFJPb,912,university,Male,30,30,30,29,30,2021,1
R_1jlkKnXD8y3LRCH,2173,university,Female,29,30,30,29,26,2023,1
R_09dwR5lm8c7k093,16783,university,Female,30,22,21,13,7,2023,3
R_D7rYOFdGUtT7gUp,2082,university,Female,23,9,16,8,9,2023,4
R_2dZuOiEkLM2V3D8,1172,university,Male,30,30,30,28,28,2023,1
R_3isqxssArQQJm8N,2983,university,Female,30,29,25,25,17,2017,2
R_2DW3s9Tw9g02Bbz,2070,university,Female,28,30,22,3,8,2024,3
R_4rP05V5OaalKBHu,2839,university,Female,30,26,26,25,18,2024,2
R_1ruk7yTrtJc0rmH,2018,university,Female,30,30,28,23,18,2017,2
R_3aCdhhaZOE6qeYh,5514,university,Female,30,26,29,24,19,2019,2
R_61d5nB5706rSfkG,2357,university,Male,29,25,18,13,10,2025,3
R_3Ei1EwZ1vTmbMAF,1772,university,Male,30,27,17,18,11,2016,3
R_440bwiJjURrbapz,1776,university,Female,30,24,21,19,4,2025,3
R_7oyTaM4LgEMuNrj,913,university,Female,27,27,27,22,21,2024,3
R_3ekxFllUu7F1vc6,2611,university,Female,30,24,12,12,7,2018,3
R_2U3OyjEj7jdJeHZ,907,university,Male,27,3,6,6,2,2023,4
R_3EVWaFLrQslf5GY,2601,university,Male,30,30,28,27,17,2021,2
R_sX7eUfzLLJtLi4V,10260,university,Female,29,30,30,29,28,2021,1
R_3jfCWFxocZ3eOGU,1789,university,Male,30,28,28,23,20,2021,2
R_46kAgMWwoEt0xOx,936,university,Female,30,27,25,18,15,2024,2
R_2HkLCTLJ7xR1Gs9,3021,university,Female,30,24,27,28,23,2025,3
R_7oLcFsjPkizFLQl,1193,university,Female,30,28,30,25,26,2024,1
R_27jaZOndUVCSzkK,3050,university,Female,29,30,28,24,20,2016,2
R_2xzLTiKFXE6TVwX,2209,university,Female,30,30,28,25,18,2018,2
R_2ZHB8ySByp5m4ys,1727,university,Male,29,28,26,20,18,2019,2
R_4Eb3mjr3fECofeH,2585,university,Female,30,29,28,25,19,2025,2
R_4PZFGKrHIdGTTEO,1610,university,Male,30,30,30,30,28,2024,1
R_3L14fKxLVbl08jn,65191,university,Female,30,29,29,30,29,2020,1
R_2qk1cCkSN3lNZkX,2316,university,Male,27,20,19,10,3,2023,3
R_2w0QoOqU1d1XrbE,1712,university,Female,30,30,30,30,29,2019,1
R_28Bx7Y1ykMreDdN,975,university,Male,24,7,4,3,3,2023,4
R_3QRlhcyJRIyUgaS,1316,university,Female,15,8,5,6,8,2023,4
R_29P4TOR9Bzfa65P,5353,university,Male,28,21,24,23,20,2023,3
R_110LoCoEK7KMqKa,671,university,Male,22,9,4,8,3,2020,4
R_11XxI2cjeD0br9U,1862,university,Female,30,26,21,15,18,2022,3
R_4aXjkSbfsSto2Yh,2068,university,Female,30,16,5,5,4,2024,4
R_dpvTQEBgdLNrKFz,1743,university,Female,30,29,29,28,27,2018,1
R_2wTCfbd6YMo5C9c,1706,university,Female,30,30,30,29,30,2017,1
R_1istfajYzqV6gg2,790,university,Female,14,3,6,3,4,2023,4
R_2vdzOzKSIndQWpX,8853,university,Female,30,30,28,27,26,2021,1
R_3nIX2WtlgmpWpYd,1718,university,Female,30,30,29,27,24,2023,1
R_28S6VCmnDAptYFv,1595,university,Female,29,29,24,24,14,2023,2
R_3Gm6q4propokMjW,911,university,Male,10,8,2,4,5,2023,4
R_3RfKfqKFPNptOvk,4036,university,Female,30,30,28,27,25,2020,1
R_3FVh6xXHq2oYrLi,993,university,Female,30,30,30,30,29,2022,1
R_RLJWzDJM9RyTkl3,2833,university,Female,29,23,22,15,14,2021,3
R_1gqkPjzwBxRVq0e,2011,university,Female,30,29,26,25,24,2017,2
R_3F5p25EPNZuN7qc,869,university,Male,30,30,29,30,30,2019,1
R_RJrb53ozGreOixH,3645,university,Female,30,30,28,28,29,2019,1
R_323d7Zr4NRpgv1a,1785,university,Female,29,30,30,29,27,2017,1
R_1o0AtJTl7htwEF3,20298,university,Female,30,29,29,25,24,2018,1
R_2QDl4BVkvWmPMEw,1190,university,Female,29,28,29,27,27,2020,1
R_23ehrpslT4vwVb6,2661,university,Female,29,28,25,18,14,2023,2
R_3MlYcjreeaUEoTd,1593,university,Female,27,27,20,12,6,2020,3
R_3pckKTFfHACIcvv,765,university,Female,30,30,29,29,29,2024,1
R_2VPUZUbazeFJY9v,1911,university,Female,30,26,24,18,8,2023,3
R_eaKNQvMF8qkRf9f,2090,university,Female,30,29,26,20,14,2017,2
R_4koWFlD1MLJ6lIk,1050,university,Female,30,29,29,27,26,2025,1
R_2uCipWbVHPM4c41,3097,university,Male,30,28,26,17,16,2020,2
R_XTbEeCRP4EfN8qt,3570,university,Male,28,29,22,8,3,2021,3
R_4eFO1TPG4xh7dM5,2000,university,Female,29,23,15,18,18,2024,3
R_1Fhs9ZMgs6CTety,1193,university,Female,30,29,29,25,23,2022,1
R_UlTtONZzaqdv6wh,2371,university,Male,28,25,27,14,5,2023,3
R_2dZ8PZDwxkKLM2O,21709,university,Female,30,27,29,20,23,2023,2
R_2qwIJCMgflOZW0Z,3878,university,Female,28,30,30,28,26,2023,1
R_1rBVZmgOrhnB2YK,29142,university,Male,29,30,30,27,25,2018,1
R_9lK24eb5XZ5waxG,1558,university,Female,30,20,11,12,13,2025,3
R_3OkmUeomd279zHg,1358,university,Female,30,30,28,28,30,2019,1
R_2b2EkVabKOLWYbg,1447,university,Female,30,30,26,18,17,2020,2
R_2zLXcPD0JFORbM4,2652,university,Female,30,28,23,18,22,2018,2
R_75xKosIHGOQNtvz,1555,university,Male,30,28,28,21,18,2025,2
R_AoHaNHmsVMugU8h,2834,university,Female,30,23,16,25,22,2023,3
R_9NPqLG9SYc8IGxr,1725,university,Female,30,30,30,30,28,2018,1
R_4NvfpWJYMlKOev7,1567,university,Female,29,23,20,13,10,2020,3
R_9bUjhaiYzRrLJsh,1107,university,Male,30,30,30,29,29,2025,1
R_4mlSvDPhVsonu8i,2110,university,Male,25,18,8,12,6,2025,4
R_4zBKOudnOJLgpW8,19211,university,Male,27,25,25,25,27,2024,3
R_301yavFWVLPYPv8,2026,university,Female,28,29,24,21,12,2023,3
R_2sbiHp5BaeM3ksw,2789,university,Female,26,23,23,23,10,2020,3
R_8cJi3rASWMDLEit,1257,university,Female,30,27,25,20,8,2025,2
R_3GeKtj4MTaCapDf,880,university,Male,30,29,29,24,23,2022,1
R_3fC1tJUQg5jisWe,96648,university,Female,30,28,29,29,26,2022,1
R_2ZEPNnFxyU7kQQs,1566,university,Male,30,30,21,12,6,2023,3
R_ys7j2tAxewgyZzz,673,university,Male,28,16,5,4,5,2023,4
R_6Du0TgMqsxOqxfY,1786,university,Female,30,29,28,19,22,2024,2
R_1gGaCstj2jI8WQY,1367,university,Female,29,28,24,23,22,2022,2
R_9vqZWImMUfg16X7,1214,university,Male,30,30,30,30,30,2023,1
R_2QgIMLYNtiVvKJG,7897,university,Female,30,29,26,21,22,2021,2
R_40o8DY6eU6SINeC,2021,university,Female,30,30,30,28,28,2024,1
R_265Q7oTcdjmGOMB,1504,university,Female,30,29,29,23,18,2017,2
R_3esHzgfuSJxURCo,3916,university,Female,30,29,30,22,22,2021,2
R_0DtKOWsCrQ9rDAR,1160,university,Male,6,6,3,3,6,2023,4
R_3s6wJkWpihRSr9C,23603,university,Female,26,22,22,17,12,2023,3
R_1N7WMz4VT5PwxSF,3592,university,Female,29,30,30,30,30,2025,1
R_3qBVH5mO96ToUGo,1485,university,Female,30,28,30,30,28,2023,1
R_6PQ6k3fOTG18mZz,4043,university,Female,30,30,28,27,30,2025,1
R_4gXdV3932CVodKy,960,university,Female,30,30,30,27,30,2024,1
R_1LIDwJXov2FnCWu,2394,university,Male,30,26,14,17,12,2024,3
R_Wk9GX2dvJJkQ6zf,1229,university,Female,30,30,30,30,27,2019,1
R_12mCfwayC1Q6fQ3,2104,university,Female,30,28,27,23,16,2016,2
R_2EcWIWG53nVEB2g,1213,university,Female,30,30,28,18,17,2021,2
R_3oH1jp1h5MOSWml,1150,university,Female,30,30,28,25,22,2018,1
R_4okhAjIska4S5mA,969,university,Female,30,28,30,29,26,2024,1
R_3qQl1xfW8vfTPHO,4681,university,Female,30,30,30,30,27,2023,1
R_rcFLdH9ThdBYOJP,6617,university,Female,30,26,24,20,10,2020,2
R_40CRU9k2S4vvx5a,1668,university,Male,28,25,22,10,4,2025,3
R_3PUcgFvuiO9vf5y,2237,university,Male,30,28,27,25,18,2018,2
R_2zwIMdW53ou3G3A,2038,university,Female,29,28,23,28,25,2025,2
R_0lyFMoAObOipANX,1944,university,Female,30,30,30,27,26,2023,1
R_Xz7QXtGyR1YIh7b,1633,university,Female,30,30,28,19,21,2022,2
R_25GcmC6kRbadr1u,75542,university,Female,30,29,30,30,30,2017,1
R_3n72g72DOHcFgXG,4273,university,Female,29,30,26,21,19,2025,2
R_4Td5VTju5VcD3MJ,1192,university,Male,5,7,5,2,8,2024,4
R_3e2DBpnzjygVE0W,932,university,Female,30,28,30,30,24,2022,1
R_2yrrM4684jDO6Uw,1238,university,Female,30,30,28,28,18,2023,2
R_2qwIkD6iefs0wWp,2428,university,Male,30,28,27,23,26,2016,2
R_4T7f09jUZqx7nyx,2208,university,Male,30,30,28,29,30,2024,1
R_1esdbp6THI2ZNQl,1530,university,Male,30,30,30,30,27,2022,1
R_273gxrHKmxsmr3W,1205,university,Male,30,30,29,28,29,2018,1
R_O8ORG6W4uXBaVlT,1606,university,Female,30,29,26,19,16,2017,2
R_2rMYGNDc37rvFyq,2254,university,Female,30,25,21,16,13,2022,3
R_4A0QUD4vWFC1PmF,998,university,Female,30,28,28,20,16,2023,2
R_29cR0IoEQPnZnRv,1948,university,Male,30,28,29,27,24,2016,1
R_2azOdAHzYJ4uPFj,2711,university,Female,30,29,29,24,22,2023,2
R_3e8ZBlAbPTqSagh,663,university,Male,30,26,3,5,0,2021,4
R_3PMMekNzFudMz8J,1473,university,Female,30,30,30,28,21,2020,1
R_VPhtHI79VvRq0tb,3649,university,Female,30,29,21,22,12,2020,2
R_1FyNX21gTsh5unK,3923,university,Female,30,26,30,20,20,2018,2
R_2P8dPuJ0tRXxPMR,3033,university,Female,30,28,25,27,27,2023,2
R_6YD5Snplwl3Wiw4,1611,university,Female,30,30,30,25,26,2025,1
R_3KAqLBf9oar6AmM,2026,university,Male,27,19,12,8,4,2023,4
R_2t06xUmJq49hyiC,3122,university,Female,30,30,30,27,23,2018,1
R_47KGctxhj25Z2ys,4103,university,Male,29,28,29,30,30,2025,1
R_5BwosLNyGBfpCMx,5124,university,Female,30,29,26,24,16,2018,2
R_1jI23qycoEnS1pM,847,university,Female,14,7,1,4,7,2023,4
R_1PbQ73zJqkJjcwg,9204,university,Female,30,29,30,28,20,2024,1
R_3NzbOVPUb4HVstl,1071,university,Female,27,15,6,6,6,2022,4
R_2RUkz6bRsLoQid7,9338,university,Male,29,29,27,21,9,2023,2
R_3pbxwwdrtpYNDT5,3218,university,Female,30,29,29,27,17,2019,2
R_441LBJgBMoIJl23,1465,university,Female,30,29,29,27,23,2024,1
R_3cvGJwib0CI2B06,1906,university,Male,30,28,27,22,18,2024,2
R_1jpSsCTB3D7UyVn,1388,university,Female,30,29,27,29,28,2023,1
R_2zLPQ6MAUTZmYXE,107842,university,Female,30,29,28,29,24,2019,1
R_2sQDiKyIUrigGv7,2157,university,Female,30,30,28,30,27,2022,1
R_3MJAxRjZEts4V1t,2276,university,Male,30,30,28,25,19,2020,2
R_3DhiC2m7cMGQbIt,205952,university,Male,29,21,20,22,22,2021,3
R_1pzMuQpDs1iRbNM,1647,university,Female,30,28,20,14,9,2020,3
R_3Hpom2mWkZZM4d3,2314,university,Male,30,29,25,22,21,2023,2
R_26b5ZEpMQpFF25s,1276,university,Male,30,30,25,22,20,2022,2
R_Q3KEbKgJVi0amAh,3403,university,Female,30,29,30,22,22,2017,2
R_3nvIuQmWwFxcvaC,1965,university,Female,30,30,29,23,25,2018,1
R_3paPXomwyWJHMj8,2501,university,Female,30,27,20,9,13,2020,3
R_AcVBehBnCn47Uul,3157,university,Male,26,22,23,13,6,2020,3
R_22IWC8ZFfoNqr79,1370,university,Male,25,18,13,11,9,2023,4
R_4YRq0Et1AH7Rpu1,1491,university,Female,30,28,26,27,25,2024,1
R_UihaQ8HGqSaIYCZ,1614,university,Female,30,29,27,26,23,2019,1
R_1Qz8CVnq8YFeaBL,1291,university,Male,30,30,30,30,29,2022,1
R_5xbAgI1lc6UJSoh,652,university,Female,30,30,29,29,30,2024,1
R_3QQrokTe3TRe09E,1381,university,Female,30,30,29,28,28,2019,1
R_UcenpHpZ4gv6Hex,1392,university,Female,30,29,23,22,16,2020,2
R_3pgqKSSsznf0nVF,1124,university,Female,30,30,30,30,30,2023,1
R_3DkHgA3rdmw4QPN,2041,university,Female,29,30,26,27,25,2018,1
R_2WGQC0jtudL89xC,3039,university,Female,30,28,26,26,23,2018,2
R_4LzVJ4rgq4l7ddv,2195,university,Female,30,22,20,12,7,2024,3
R_6rTJJvMG1eDeJuz,2324,university,Female,29,29,29,27,27,2025,1
R_31WnTbRzVM6NUQ6,48729,university,Female,30,30,30,30,27,2022,1
R_2fK7EWdzgY4cV0c,29121,university,Female,30,28,23,26,18,2018,2
R_22tOV6zKxDlorAI,5723,university,Male,27,15,14,26,22,2023,3
R_73fFOUUtk1Fi7AZ,1667,university,Female,30,30,30,24,23,2020,1
R_szMgvLvBemQGMaB,2892,university,Female,29,27,27,18,12,2023,3
R_5nY9ZWI45b966FH,1583,university,Female,30,29,29,27,27,2021,1
R_sT213oqr5OuxbwJ,3148,university,Male,30,30,21,10,7,2020,3
R_1ltSUtbOkRFLcu5,3180,university,Female,30,30,27,24,21,2020,2
R_3Mh6SmgfaegU4Dc,2256,university,Male,30,30,19,11,7,2022,3
R_2Bsb0wzg2jwjSLL,2588,university,Female,30,29,24,25,21,2024,2
R_3gXyqcRmv65jdhg,2262,university,Female,27,25,17,13,6,2020,3
R_1gioKVXZDCRsKSJ,3358,university,Male,30,26,22,19,7,2022,3
R_4gnbz06FBnVHEk1,2291,university,Female,30,27,27,23,18,2024,2
R_9Qttez9hhZF6lfk,2244,university,Female,29,25,23,19,8,2025,3
R_4Qo0ycgAUMrpwmc,2268,university,Female,30,30,30,28,29,2024,1
R_2X1El9k58RZqMn9,2126,university,Female,29,29,25,19,17,2023,2
R_2cAWGAWY0BOXe98,1267,university,Male,30,28,28,26,22,2020,1
R_1dy3ZN4ucEOo18d,845,university,Male,30,26,27,29,26,2023,1
R_8CCCsDuBDhBNskN,3389,university,Female,29,30,24,16,21,2019,2
R_1dEJhRyiuihhCO5,2306,university,Female,28,29,29,22,21,2017,3
R_817jV4rJ32RqQRq,7270,university,Female,29,23,21,14,9,2025,3
R_4qx5O3WUrvgVGcN,1757,university,Female,30,29,28,30,29,2024,1
R_2SCgLlw6W6KgRqV,1324,university,Female,30,29,28,22,25,2019,2
R_5Ms5nqEuKQDLQ14,1677,university,Male,30,29,28,27,27,2024,1
R_cuRiFwdEylt65IR,2040,university,Male,28,18,11,12,12,2021,3
R_3qEdRi8JfKeb81I,2955,university,Female,27,24,14,9,5,2018,3
R_23deKWRE1RK8xlf,4033,university,Female,29,29,28,27,25,2023,1
R_2PoGpZZtP4nhaB5,29295,university,Male,28,28,27,20,17,2018,3
R_2dDR793gKufhAWN,1334,university,Female,30,30,26,26,23,2018,2
R_3n92NppN5GGd2JW,1885,university,Female,30,28,29,19,13,2018,2
R_9PGCsilRp6plFrp,1593,university,Female,30,30,27,25,22,2025,2
R_1llt7LdJhDhuAdG,1661,university,Male,30,30,28,23,25,2020,2
R_495lZDlVs1jJrV3,1914,university,Female,27,21,20,6,4,2024,3
R_2qCPCwqQU5W7qZU,2011,university,Female,30,29,27,25,15,2017,2
R_2WHV21K7oNrmwuf,1547,university,Female,17,8,5,5,4,2024,4
R_1NyMSVOM2AKy698,2438,university,Female,29,21,16,20,6,2016,3
R_21apLDNhMgelliO,2489,university,Female,30,29,29,25,14,2023,2
R_3S2iTGmBHySan4J,1456,university,Female,30,28,26,19,16,2025,2
R_46EZdD5SSwFLyH7,3259,university,Female,30,30,30,30,29,2024,1
R_73O8pyYlHBlHGq5,1901,university,Male,30,29,22,19,14,2024,2
R_0vOkuR32qElwygV,2105,university,Male,30,27,24,26,27,2021,2
R_12MtcFkpX1vwUqZ,2193,university,Female,30,29,30,25,24,2017,1
R_Q0KPtQHKSrxunEB,1992,university,Male,30,25,18,12,6,2020,3
R_3e7Rn1we0mTlvVD,2132,university,Female,30,29,28,25,22,2023,1
R_1LXPylSOTX7C5Tx,1687,university,Female,27,26,24,28,28,2023,3
R_2fiVVnvxQvi0Qmx,1811,university,Female,29,29,22,18,8,2021,3
R_2ziouxfAA1GcQUX,1918,university,Female,30,30,30,28,28,2019,1
R_45XfaA8YQGvQHzL,175291,university,Female,30,30,29,28,29,2024,1
R_YQ4dvW5U1hOKDFn,6660,university,Female,29,29,29,26,22,2021,1
R_e8noE1IBN7DkQVz,3511,university,Male,29,24,18,13,11,2022,3
R_3NQWm8z6uHD9cUT,2305,university,Female,29,28,27,21,15,2018,2
R_1JEgf3M7wKx4tSw,2141,university,Male,29,22,23,13,11,2022,3
R_pznPo4nSuopxsJz,2248,university,NA,23,10,6,6,6,2023,4
R_1ltyc8nI9S5S84o,2520,university,Female,30,29,30,30,29,2021,1
R_2QnAQkVBBbtTIuq,1753,university,Male,30,29,30,29,27,2023,1
R_4xTneTMzytr0ppf,1085,university,Female,30,30,29,30,27,2024,1
R_3Pz8Oty5KAlFhWJ,1190,university,Female,30,30,27,24,23,2021,2
R_3nx6fBagFfxkdRU,921,university,Female,30,30,29,25,26,2023,1
R_9re9gpUsiXQIR2O,1908,university,Male,29,29,27,24,25,2025,1
R_3CKv6rISpFfVTV7,3978,university,Female,30,29,25,18,3,2023,2
R_4HnbpsbUeq321Z9,2159,university,Male,30,30,26,20,23,2024,2
R_3iD0EPLKjieoMTy,1556,university,Female,28,21,15,4,4,2022,4
R_D7T7YQEUF54h201,1667,university,Female,30,30,25,23,16,2019,2
R_73g80J0mLDkAgWR,646,university,Male,3,5,4,7,10,2023,4
R_3q860RgRbyoNfZs,173956,university,Male,30,30,30,29,24,2021,1
R_DeqFAakY1oyqeUF,1680,university,Female,30,27,23,25,22,2023,2
R_4reu20Y7xKez0x2,1726,university,Female,28,22,20,16,12,2025,3
R_1OhwI7uPPjNFZfj,77106,university,Female,30,30,26,26,15,2017,2
R_30po9RTJyJFCoN3,1801,university,Female,30,29,30,26,27,2017,1
R_3QXZeI7OizsZPV0,2553,university,Female,27,19,20,13,6,2021,3
R_UYI99smFw3Iyzpn,2337,university,Female,29,30,26,28,22,2022,1
R_3HvIIvcHoeSpDHI,2728,university,Male,27,19,15,18,6,2020,3
R_2fjkDwtu79MFw9w,5608,university,Female,27,29,23,18,20,2019,3
R_1jUNfTAx9NufLwm,3902,university,Female,30,29,25,28,24,2022,2
R_4LLFfIUn6A906Kx,3935,university,Male,30,30,27,20,18,2025,2
R_42DZ6u6NjNiFYCn,22184,university,Female,29,28,25,16,19,2024,2
R_4kvQ9fniStEs6EW,1830,university,Female,30,29,25,25,21,2025,2
R_1CdNVLkx0jukDEk,1610,university,Male,24,12,5,5,3,2023,4
R_3C28qWw3eEQ2A2l,1332,university,Female,30,30,30,29,26,2016,1
R_0D0TLTOt8K1Rybn,2732,university,Female,29,30,30,28,30,2020,1
R_8gGx2sWaLaT5jtu,2401,university,Female,24,16,17,6,6,2024,4
R_eafjZpFwtcHsYx3,4175,university,Female,30,30,29,29,30,2022,1
R_2CWC2LXT3bU7XQo,4243,university,Female,30,27,7,4,6,2022,4
R_1XsalbWkpUiR13b,1577,university,Female,30,29,30,23,22,2023,2
R_3GjPqMgSGl80H2K,1302,university,Female,30,30,30,27,25,2017,1
R_xfPADPyQhr537lT,3118,university,Female,30,27,20,17,10,2023,3
R_3koxMREMckDz6Fe,1735,university,Female,30,30,29,23,22,2018,2
R_6WPCX9brwchWmVr,1345,university,Female,29,27,27,30,29,2023,1
R_6FFOsxzp1RkUzCN,1386,university,Female,30,30,27,28,28,2024,1
R_9RX7AwmJOmmDi1w,1678,university,Female,25,22,19,3,5,2025,4
R_1pniauGI9DsluAb,2293,university,Female,30,29,28,26,24,2022,1
R_5SwTWWzD3JVCIgQ,2407,university,Male,28,22,13,5,3,2024,4
R_2tGpsl5hwkUpFzi,1288,university,Female,30,30,30,30,30,2017,1
R_eDm4URhQ4BaEYzT,1470,university,Female,30,28,28,24,20,2018,2
R_6NknWH6LEkTFsTR,12547,university,Female,30,30,29,28,30,2025,1
R_22rjTAPopQwqqZW,1043,university,Male,21,7,6,6,9,2023,4
R_6KJ78OInsoXDXqN,2048,university,Female,30,30,27,24,17,2018,2
R_9DqC9WThbx1GJZT,17480,university,Female,30,28,28,30,29,2025,1
R_27g0cKGN6FPfGfY,1753,university,Female,30,29,24,21,23,2016,2
R_2fuPkTMvf0MVPEW,2531,university,Female,30,29,28,23,16,2016,2
R_3edTJ4hllBB9DCu,1839,university,Male,28,27,25,16,5,2023,3
R_3KSHCS25O9zzHN3,811,university,Female,30,30,29,28,28,2020,1
R_3ncnlga5HyeTif4,3546,university,Female,29,19,16,17,14,2020,3
R_1roGNCG6UznHW96,1947,university,Female,30,25,21,11,5,2023,3
R_1FVBFJq0WPClNNg,1068,university,Female,30,29,30,29,25,2025,1
R_2YKSM1lXqYwWJ8p,1829,university,Female,29,29,27,27,26,2023,1
R_1IpgEWSEHbjFBeJ,131295,university,Female,29,27,22,14,9,2020,3
R_0CZlzxoMRUUsKfT,16463,university,Female,30,28,24,27,16,2020,2
R_29akJIJQ5wtpW3I,2199,university,Male,30,30,30,26,22,2018,1
R_3EXs2pSXV15DpzV,2513,university,Female,30,27,29,16,25,2017,2
R_3h9eVq9i5TmHxh0,1092,university,Female,30,29,29,28,28,2021,1
R_1OPI9MhtkNu3DOl,1623,university,Female,30,22,12,12,7,2023,3
R_xosKHDWnDAYglK9,2171,university,Female,30,29,30,30,29,2023,1
R_27kxcrMzRdFSoD2,2233,university,Female,30,30,29,27,27,2019,1
R_7RGh90rGzqdkSJz,1851,university,Female,30,28,26,17,15,2025,2
R_2bQntu694ivDHNF,2242,university,Female,29,28,22,19,20,2023,2
R_30w0nwqsJV8EBDj,2673,university,Female,30,30,28,29,20,2018,1
R_4eKTPFbI9wuOxGN,2909,university,Female,29,24,21,10,6,2024,3
R_2VR5WgmgBIbqhKe,1393,university,Male,29,30,27,22,18,2022,2
R_yDVYGRVIIX4Xhlf,2095,university,Female,30,30,28,29,27,2020,1
R_2d2Fvguf5zrURH3,35241,university,Female,29,28,24,12,20,2025,3
R_8Ld6z7aBTLbLqA4,1294,university,Female,30,30,29,30,29,2025,1
R_2w0ltgBp6Pdtqk4,5705,university,Female,30,30,28,25,17,2023,2
R_3NPyKhM0Om8LrBd,2150,university,Female,27,28,25,19,7,2021,3
R_sB79iLUp283gAhj,2257,university,Female,30,30,29,25,21,2020,1
R_3niKyikICoOZPPf,2464,university,Male,29,29,28,22,25,2020,2
R_4MQkL3DJARtMigC,3307,university,Male,30,30,29,30,28,2024,1
R_1ml031GWZ8EjySJ,2681,university,Male,30,28,19,11,5,2020,3
R_4BQIdH3uTkSlfR4,938,university,Female,30,30,25,26,26,2025,2
R_6BeupyVLYdffQJW,2400,university,Female,30,29,25,21,21,2024,2
R_vSo6EPwJWp04UbD,91034,university,Female,29,26,23,13,7,2021,3
R_7DgYWMmcWUhIglb,3596,university,Female,30,30,29,28,23,2024,1
R_6iORwbqSaIiUsLu,1499,university,Male,30,30,25,22,22,2025,2
R_p9srnzyoGvTxlVT,2091,university,Female,30,30,25,22,17,2019,2
R_50BvPamc2gHgPkJ,1202,university,Female,25,23,25,30,29,2023,3
R_3CDbbsOcA5qBiIg,2579,university,Male,30,28,24,21,23,2023,2
R_1r8NgeDWqhYB28K,2430,university,Male,30,22,10,13,15,2023,3
R_0DN2xeAYlMAm9Hj,2950,university,Male,30,27,22,24,17,2020,2
R_3PhKeOM3CjTPATY,1475,university,Female,30,28,29,21,10,2024,2
R_1laCqWOeBXx8LwR,3486,university,Female,30,26,27,25,10,2023,2
R_UykvBB3y3r7cYoN,2077,university,Female,30,27,25,17,9,2018,2
R_4Vc5YL64lY2m3uh,5606,university,Male,26,23,18,27,14,2024,3
R_cub1nBo4QpIjHUJ,2904,university,Female,30,25,28,25,7,2021,3
R_pg5R7CorqTZ2Vbj,1457,university,Female,30,28,30,29,29,2023,1
R_2ZQ8V5wjWCQVTxW,2577,university,Female,27,29,29,25,22,2022,3
R_4CfwiKKjuNSEmzY,878,university,Female,30,30,29,29,27,2024,1
R_3k0RJP37dkqDQo8,9867,university,Female,29,25,20,15,11,2023,3
R_1pyyUPiPaMmzHSi,1625,university,Female,30,28,22,19,14,2020,2
R_2q8xKr4ZLizxQgc,2416,university,Female,30,29,27,22,20,2017,2
R_1LpYysGi68NjES7,1218,university,Female,30,30,30,29,22,2021,1
R_XTyfpLPZKAnBGRH,1810,university,Female,30,29,28,19,16,2020,2
R_1LHcgwN8C3jrm10,2017,university,Male,30,26,19,17,11,2023,3
R_2D78kGdGLmv5gG7,7030,university,Female,30,29,28,29,17,2017,2
R_26hGK47OVyFggIp,3162,university,Female,30,24,16,23,19,2017,3
R_p6F0MyJ8KEmx8Y1,3277,university,Female,30,30,25,24,26,2022,2
R_bpVFaIqol6Y2Wm5,1670,university,Female,30,28,9,12,10,2021,3
R_5xxAp7K8kIDUN6C,10836,university,Female,29,28,28,24,21,2024,2
R_3nTrf9qI1Y00VTR,5085,university,Female,30,30,22,24,24,2024,2
R_3DwFomza5hz3CfN,6845,university,Male,29,29,25,22,19,2023,2
R_2zHmONXqIq7HVkr,1498,university,Female,30,30,29,22,21,2023,2
R_XMsHds7nF47sWw9,1560,university,Female,30,28,26,27,26,2022,1
R_3HoaUs1zQlmuUcU,2627,university,Male,29,29,26,24,29,2019,1
R_3PaWonyoeYND27V,1085,university,Female,30,29,17,15,10,2019,3
R_2VvYyC4ML0UqFQQ,1126,university,Male,29,29,25,14,17,2018,3
R_VUtSoBtVhpwTr8Z,3837,university,Female,29,28,27,26,20,2023,1
R_1K9WEVIaATEqfZM,1588,university,Female,30,30,29,27,23,2023,1
R_27pRbXDBbggo2ut,1605,university,Female,30,30,29,30,28,2023,1
R_1f7yaLe2zKdjfRr,26584,university,Male,27,28,24,10,7,2023,3
R_3Oq9AChXl89aZKa,1359,university,Female,30,30,27,23,22,2020,2
R_2UY5ILjQd9NWRLN,1994,university,Male,30,29,30,22,24,2018,2
R_2rw7M3cf8T4bXbk,116503,university,Female,29,29,28,23,21,2017,2
R_997ijgK3OGK98f9,2160,university,Female,30,30,27,27,25,2025,1
R_DeDNErIopqXZXeV,1532,university,Female,30,30,29,27,19,2016,1
R_2TyFQNqBueVaU8A,2004,university,Female,30,30,30,30,29,2017,1
R_7Qk5GjHmC2P9tV7,3271,university,Male,30,27,29,26,30,2020,1
R_O2JdRUXqC9Dil7X,3904,university,Female,27,22,18,25,12,2022,3
R_1QrPSOJxqhneOVo,2319,university,Male,30,28,30,30,28,2020,1
R_20Uv0dlLb8XByQl,844,university,Male,29,28,24,17,17,2023,2
R_byMZVwv94MlPYpr,2094,university,Female,30,24,23,17,14,2017,3
R_2vYCs8PCzYWPmFc,3085,university,Female,30,29,26,19,8,2020,2
R_4xDebV28nBF28Em,1275,university,Female,30,26,19,14,10,2024,3
R_2TIdmAvpJXtwPrM,2899,university,Female,30,30,30,26,27,2017,1
R_9gGjiIoqLpVtNzb,8715,university,Male,30,30,30,25,22,2025,1
R_xA6K02NnvmpxEwp,6536,university,Female,30,30,30,28,26,2023,1
R_44oNAIu9QAr6fuY,1557,university,Female,29,29,29,28,19,2024,1
R_bg6NGA2daa81ZWV,2016,university,Female,30,29,28,25,26,2020,1
R_4ruP0vhovoHHqcF,1319,university,Male,30,28,27,18,16,2025,2
R_3QVsIdAnUZliFBC,3329,university,Female,30,30,30,26,22,2016,1
R_9MRRKAGA4UgZ56A,1434,university,Female,30,28,26,16,14,2025,2
R_1JOYogMuw5paizj,1815,university,Female,30,27,27,20,25,2021,2
R_3hti0GRB4NT4nK7,1004,university,Female,30,30,28,24,24,2019,1
R_1OqvmEciHi144ah,1103,university,Female,30,29,30,30,30,2022,1
R_3Eg5lAcP3G01i7w,3982,university,Female,30,29,30,30,27,2023,1
R_1KZ2bR0HfHaH6f7,6540,university,Female,30,29,26,25,21,2024,2
R_zeeukRhkrx9yi09,1415,university,Female,28,23,21,13,6,2022,3
R_7iHV4FTLd4ffXp1,1944,university,Male,30,30,30,29,29,2025,1
R_2ASHiUDn3lITEEK,905,university,Female,8,4,8,2,1,2019,4
R_2ac0K3jo9UCI2Sl,5538,university,Male,30,28,23,10,2,2020,3
R_33BUWYcVyLE35wp,2502,university,Female,30,29,29,24,19,2020,2
R_1NsMR6qmpxXle8g,2056,university,Female,30,25,13,17,10,2020,3
R_3CB3WmPLRwZCfVj,1935,university,Male,30,30,28,29,30,2018,1
R_30w176gS7cQfXSm,1731,university,Female,30,30,30,30,30,2016,1
R_4sm0Ucg4qLIESQ1,3070,university,Female,30,30,28,19,14,2024,2
R_1JXy8Kd4JXQ60SL,1898,university,Male,30,30,30,30,29,2023,1
R_1j9e96WgfJmpp9m,1791,university,Female,30,30,30,27,29,2018,1
R_9azU5p9Od36kHXl,1301,university,Female,30,30,30,28,30,2025,1
R_1M5oQht6MR4D68p,8831,university,Female,30,28,28,25,22,2020,2
R_1FCEymkGdGjFK26,3354,university,Female,29,28,28,24,16,2019,2
R_3sobUQXeY9JFdUZ,716,university,Male,30,30,29,30,30,2022,1
R_4oUdAfw4gjTxgpr,4330,university,Female,30,30,27,27,28,2025,1
R_2DZh0vp5FTKtXoq,2242,university,Male,29,28,29,28,27,2018,1
R_2B8xXziZ0M3vWRv,8074,university,Female,30,30,28,21,16,2017,2
R_3HOiSIlPDiplJHo,1610,university,Female,30,28,28,19,20,2020,2
R_7OE7OItL3HRLfrx,1771,university,Female,30,29,30,25,20,2024,2
R_XsQge87XO6dB6qR,1748,university,Female,21,7,7,7,1,2023,4
R_3iPebmq98Qf9Pp7,3787,university,Female,29,26,20,17,11,2018,3
R_DHnEI66pHbmIL7P,2461,university,Female,26,12,12,10,8,2023,4
R_ZKbLUrStmls02GJ,2032,university,Female,30,24,17,14,4,2023,3
R_3Lc2kzcDKBBAVQy,16178,university,Female,30,29,30,28,27,2019,1
R_2WCPNlDKQxoNjsO,2037,university,Female,30,29,29,25,23,2021,1
R_3HGCXa4IXYfyYKU,2115,university,Female,30,30,27,21,29,2018,2
R_1GNcj9eSHZOJtEG,1633,university,Female,30,30,30,29,27,2018,1
R_3dE3ObJVT8U2fqJ,2166,university,Female,29,18,11,8,8,2023,4
R_OH8svemzcEScQkV,2491,university,Female,29,29,28,19,18,2019,2
R_0jnZyF240YIPxhD,1484,university,Female,30,29,28,28,26,2020,1
R_Qb1jOTIssi34Axj,2922,university,Female,30,30,30,23,26,2020,1
R_21d3Nu6LuZ2FxhH,2016,university,Male,30,30,28,30,24,2018,1
R_dp6671NM18egCpX,1579,university,Female,30,26,18,18,21,2022,3
R_2TAwWauf3KPUGsp,5860,university,Female,30,29,30,28,24,2020,1
R_1dmMzzGFWjAqQwI,1050,university,Female,30,30,27,24,25,2022,1
R_3NBPyjB8mVq47YG,3653,university,Female,30,29,26,19,18,2018,2
R_3g21gohMNHlTpId,1624,university,Male,30,28,29,27,22,2024,1
R_4erGFywoZWQcI49,60783,university,Male,27,28,25,30,28,2024,3
R_3NJ7bPJAtSiKF1c,1377,university,Female,30,28,26,26,24,2020,2
R_ALm0N5kkHb0J9L3,2555,university,Female,29,28,24,21,19,2022,2
R_cAVXmMhm2C1NpMR,2150,university,Female,28,23,17,15,9,2023,3
R_TqhESEJ5JoveNqx,1544,university,Female,30,30,29,27,26,2020,1
R_2P6r1xjDBqmzf8P,1045,university,Female,30,22,21,17,7,2024,3
R_1FwA8apQ30v0lzk,1987,university,Female,26,26,23,26,27,2022,3
R_2uBOGc5zW0FBIWb,3699,university,Male,30,30,30,25,30,2020,1
R_47vQE2PVEeTzlE3,3849,university,Female,30,27,29,30,27,2024,1
R_3imvtufzXrS6h2x,1773,university,Male,27,15,10,8,2,2023,4
R_3qEivJsNrroMTEq,13898,university,Female,30,27,27,27,29,2022,1
R_DiV9mXMpiBoAF4B,11023,university,Male,29,27,19,18,9,2023,3
R_3ylrSfvJmf4Ij8R,5471,university,Male,29,30,29,25,28,2021,1
R_Bxm2SblgmNI6OUF,3377,university,Male,29,27,29,26,22,2020,1
R_1eJAdop1Xgc6eOM,2245,university,Male,30,30,28,27,22,2020,1
R_2AT4PkoKutynDwA,4562,university,Female,30,29,27,27,28,2021,1
R_UH03UFiRX2o8bxn,76285,university,Male,30,30,27,22,21,2023,2
R_Zy6FWPiyom2oUcp,1277,university,Female,30,30,29,27,21,2023,1
R_4s4Nq4F7SourKrn,1011,university,Male,20,6,4,4,5,2024,4
R_1IB1MVBi8RrDLRM,791,university,Male,30,27,28,28,30,2023,1
R_1kRDHYdnjFcGp80,1147,university,Female,28,11,7,6,6,2021,4
R_3sCQIJ3zbgNwSCB,1347,university,Male,27,25,22,10,5,2023,3
R_VURnHshJGeDcCvn,2841,university,Female,30,28,26,16,11,2023,2
R_1puhZsp8oF8oFEO,2611,university,Female,30,27,21,21,9,2019,2
R_4qD0RA4W7H4Uq6o,3301,university,Female,29,28,27,26,24,2024,1
R_2dAUZfWoKcIesQZ,1335,university,Female,29,25,26,23,18,2017,3
R_7DuC8SaySP1vNYd,25266,university,Female,30,29,25,21,13,2024,2
R_UKmj0Dl1XdnHqSZ,1279,university,Female,30,30,30,30,29,2021,1
R_2YlyfKtBM3qK1IG,1784,university,Female,29,30,19,22,13,2017,3
R_yEF5gutuEaXSdY5,1392,university,Female,28,28,24,14,17,2023,3
R_3wRp3FQIfM8VWAV,2642,university,Male,30,27,29,25,16,2016,2
R_3KptUfV8mjA9z0Q,2197,university,Female,30,29,29,23,19,2018,2
R_tXrRwepbfwI6Js5,6513,university,Female,30,29,27,29,23,2017,1
R_4o5vf4b2r8PCbsN,2661,university,Female,30,25,22,15,9,2024,3
R_2Cvsinar49yBGH7,2418,university,Female,30,29,28,28,26,2020,1
R_voZLhdx5rRhD5ZL,2662,university,Male,29,25,18,14,6,2023,3
R_sAIrUj1BxsE3xu1,1982,university,Female,29,30,25,25,21,2021,2
R_3oFLN3JmNQ8klmE,2578,university,Female,30,29,28,28,22,2016,1
R_2assZ3Oel5UhLV1,3776,university,Female,24,14,13,3,3,2023,4
R_3qfczA3JpYonJIB,2035,university,Female,29,26,26,24,17,2019,2
R_3qHUEHPjuJzg4Qj,1924,university,Male,30,30,27,28,22,2019,1
R_2EyDt7MS20q5LF4,1235,university,Male,30,30,30,26,26,2019,1
R_22RB1K5SkSM0hQ7,2568,university,Female,30,27,27,28,23,2023,1
R_1pogmGGbfu6m42F,1922,university,Female,29,26,24,25,30,2023,2
R_9RKqkIciXOVNvY5,1780,university,Female,30,25,22,11,7,2025,3
R_41HngpbZ1oqSUxh,3148,university,Male,29,28,28,29,22,2024,1
R_3KTtTZS3OSZvb17,1432,university,Female,29,22,20,17,12,2019,3
R_BV1WaAxHhGh5bvX,2053,university,Female,29,30,30,25,25,2016,1
R_YbP1Xq0TUsBdPUZ,701,university,Male,15,11,10,10,8,2023,4
R_3PU1WRSYT9UxgWp,60100,university,Female,30,30,24,26,29,2023,2
R_Og0DVdQMfiPAfrr,3935,university,Female,30,27,29,25,26,2020,1
R_1MRT0BkWIsNJJXX,2425,university,Female,30,28,30,28,30,2020,1
R_1QFzO1r8Atl0RyF,3588,university,Female,29,19,8,10,6,2024,4
R_3FJnDt6cNC5OYCJ,1924,university,Female,30,28,21,20,22,2025,2
R_3G6xjhnHMlgrAKN,2025,university,Male,28,29,23,18,9,2023,3
R_3usbsLgTwTyetAH,5320,university,Female,30,29,28,26,19,2024,2
R_2zhTUEjvt3BuNtc,2271,university,Female,30,27,24,21,19,2018,2
R_2RVyApeKhEKHvlj,1879,university,Male,30,29,26,25,22,2020,2
R_1DPeHun8qcqeQj4,2487,university,Female,30,30,30,30,30,2017,1
R_3CWs3csOlNaDq1h,3048,university,Female,30,30,28,28,29,2020,1
R_3j3ayjWu3V6tZpt,1630,university,Male,30,30,30,30,28,2023,1
R_216Yujapy49Mu9m,751,university,Female,9,3,6,5,4,2023,4
R_3kjmiklCp1OHp58,1871,university,Male,28,21,5,10,4,2022,4
R_28CjkKr5avVa01l,3575,university,Female,30,29,30,27,25,2019,1
